,City,Temperature,Humidity,Cloudiness,Latitude,Longitude,Wind Speed
0,Santa cruz de la palma,17.64,77.0,0.0,28.68,-17.76,4.1
1,Umzimvubu,,,,,,
2,Kapaa,25.85,65.0,40.0,22.08,-159.32,8.2
3,Ushuaia,6.0,81.0,75.0,-54.8,-68.3,11.8
4,Faanui,27.98,70.0,37.0,-16.48,-151.75,1.03
5,Butaritari,28.65,80.0,52.0,3.07,172.79,7.96
6,Hobart,10.65,76.0,20.0,-42.88,147.33,3.6
7,Sosva,4.88,89.0,81.0,59.18,61.86,4.67
8,Mahebourg,24.0,64.0,20.0,-20.41,57.7,7.2
9,Ambon,27.95,74.0,82.0,-3.7,128.18,1.97
10,Rikitea,26.26,83.0,3.0,-23.12,-134.97,7.8
11,Bredasdorp,12.0,81.0,80.0,-34.53,20.04,1.5
12,La ronge,14.0,35.0,90.0,55.1,-105.28,5.1
13,Rikitea,26.26,83.0,3.0,-23.12,-134.97,7.8
14,Qaqortoq,5.0,48.0,0.0,60.72,-46.03,1.5
15,Kerema,28.97,72.0,88.0,-7.96,145.78,1.27
16,Taolanaro,,,,,,
17,Ambulu,25.86,81.0,0.0,-8.35,113.61,1.39
18,Sentyabrskiy,,,,,,
19,Tumannyy,,,,,,
20,Iqaluit,-1.06,86.0,90.0,63.75,-68.51,6.2
21,Rikitea,26.26,83.0,3.0,-23.12,-134.97,7.8
22,Tayoltita,29.91,21.0,48.0,24.08,-105.93,2.08
23,Ushuaia,6.0,81.0,75.0,-54.8,-68.3,11.8
24,Portland,17.06,34.0,75.0,45.52,-122.68,5.1
25,Chuy,13.44,85.0,49.0,-33.7,-53.46,3.36
26,Vila franca do campo,18.0,93.0,75.0,37.72,-25.43,6.7
27,Chagda,,,,,,
28,Nikolskoye,-2.35,79.0,0.0,59.7,30.79,2.0
29,Cape town,12.83,93.0,75.0,-33.93,18.42,0.5
30,Cabo san lucas,33.73,19.0,5.0,22.89,-109.91,7.7
31,Gobabis,15.84,18.0,0.0,-22.45,18.97,5.03
32,Ushuaia,6.0,81.0,75.0,-54.8,-68.3,11.8
33,Ishigaki,25.0,94.0,75.0,24.34,124.16,3.6
34,Busselton,10.79,45.0,0.0,-33.65,115.33,4.85
35,Romitan,16.0,67.0,66.0,39.93,64.38,4.1
36,Barranca,19.93,84.0,2.0,-10.75,-77.77,2.49
37,Hithadhoo,29.4,74.0,23.0,-0.6,73.08,3.99
38,Avarua,26.0,65.0,95.0,-21.21,-159.78,3.6
39,Whitehorse,7.86,42.0,75.0,60.72,-135.05,6.7
40,Kapaa,25.85,65.0,40.0,22.08,-159.32,8.2
41,Amderma,,,,,,
42,Tlapa,,,,,,
43,Zhigansk,-7.88,94.0,92.0,66.77,123.37,8.27
44,Bereznehuvate,10.07,74.0,1.0,47.31,32.85,2.78
45,Cape town,12.83,93.0,75.0,-33.93,18.42,0.5
46,Rikitea,26.26,83.0,3.0,-23.12,-134.97,7.8
47,Qaanaaq,-8.15,92.0,100.0,77.48,-69.36,1.34
48,Pryshyb,12.22,55.0,29.0,47.26,35.32,2.13
49,Mendeleyevo,4.0,64.0,75.0,56.03,37.22,3.0
50,Rikitea,26.26,83.0,3.0,-23.12,-134.97,7.8
51,Sulangan,27.73,77.0,100.0,11.14,123.72,4.27
52,San patricio,26.0,83.0,20.0,19.22,-104.7,5.1
53,Longyearbyen,-3.0,92.0,90.0,78.22,15.64,1.0
54,Attawapiskat,,,,,,
55,Atuona,27.73,75.0,1.0,-9.8,-139.03,8.15
56,Butaritari,28.65,80.0,52.0,3.07,172.79,7.96
57,Sao filipe,24.19,67.0,0.0,14.9,-24.5,3.6
58,Rundu,18.15,32.0,25.0,-17.93,19.77,2.34
59,Bargal,,,,,,
60,Vaini,24.0,78.0,75.0,-21.2,-175.2,7.7
61,Poronaysk,13.87,55.0,48.0,49.22,143.12,5.11
62,Tiksi,-11.32,93.0,96.0,71.69,128.87,1.15
63,Nanortalik,2.53,80.0,5.0,60.14,-45.24,6.01
64,Klaksvik,6.0,87.0,100.0,62.23,-6.59,2.6
65,Yellowknife,3.94,64.0,40.0,62.46,-114.35,5.7
66,Cape town,12.83,93.0,75.0,-33.93,18.42,0.5
67,Padang,25.18,85.0,100.0,-0.95,100.35,3.74
68,Saint-philippe,21.42,73.0,75.0,-21.36,55.77,1.5
69,Ushuaia,6.0,81.0,75.0,-54.8,-68.3,11.8
70,Pevek,-6.1,93.0,0.0,69.7,170.31,4.84
71,Russell,19.15,49.0,75.0,32.35,-85.2,4.6
72,Ushuaia,6.0,81.0,75.0,-54.8,-68.3,11.8
73,Ushuaia,6.0,81.0,75.0,-54.8,-68.3,11.8
74,Roma,12.22,87.0,90.0,43.21,-75.46,7.7
75,Port-gentil,28.0,88.0,40.0,-0.72,8.78,3.6
76,Gatton,14.84,45.0,26.0,-27.55,152.28,3.6
77,Kapaa,25.85,65.0,40.0,22.08,-159.32,8.2
78,Elliot lake,6.0,87.0,90.0,46.38,-82.63,6.2
79,Porto santo,18.0,82.0,20.0,33.07,-16.34,2.6
80,Barentsburg,,,,,,
81,Rikitea,26.26,83.0,3.0,-23.12,-134.97,7.8
82,Grand river south east,,,,,,
83,Mount isa,15.0,33.0,39.0,-20.73,139.5,6.7
84,Leningradskiy,-3.25,90.0,0.0,69.38,178.42,1.55
85,Iqaluit,-1.06,86.0,90.0,63.75,-68.51,6.2
86,Lebu,12.26,82.0,35.0,-37.62,-73.65,1.74
87,Souillac,24.0,64.0,20.0,-20.52,57.52,7.2
88,Kodiak,8.0,65.0,1.0,57.79,-152.41,4.1
89,Busselton,10.79,45.0,0.0,-33.65,115.33,4.85
90,Constitucion,14.06,64.0,0.0,-35.33,-72.42,4.14
91,Bluff,19.44,59.0,32.0,-46.6,168.33,2.24
92,Airai,20.32,47.0,3.0,-8.93,125.41,1.07
93,Albany,12.96,86.0,100.0,42.6,-73.97,0.45
94,Ugoofaaru,29.67,72.0,82.0,5.67,73.0,3.28
95,Ushuaia,6.0,81.0,75.0,-54.8,-68.3,11.8
96,Cheuskiny,,,,,,
97,Kupang,24.0,100.0,20.0,-10.17,123.58,1.5
98,Port elizabeth,12.0,71.0,100.0,-33.92,25.57,2.1
99,Saskylakh,-8.34,95.0,100.0,71.92,114.08,7.21
100,Ushuaia,6.0,81.0,75.0,-54.8,-68.3,11.8
101,Venado tuerto,17.22,72.0,100.0,-33.75,-61.97,2.19
102,Mutsamudu,,,,,,
103,Sokolo,33.13,21.0,78.0,14.73,-6.12,1.62
104,Carnarvon,19.0,30.0,40.0,-24.87,113.63,3.6
105,Beipiao,19.11,51.0,0.0,41.79,120.78,4.16
106,Illoqqortoormiut,,,,,,
107,Taolanaro,,,,,,
108,Albany,12.96,86.0,100.0,42.6,-73.97,0.45
109,Illoqqortoormiut,,,,,,
110,Ushuaia,6.0,81.0,75.0,-54.8,-68.3,11.8
111,Port elizabeth,12.0,71.0,100.0,-33.92,25.57,2.1
112,Camacha,18.0,82.0,20.0,33.08,-16.33,2.6
113,Poum,26.56,76.0,8.0,-20.23,164.02,7.07
114,Mehamn,-3.77,92.0,87.0,71.04,27.85,3.61
115,Paamiut,1.1,90.0,13.0,61.99,-49.67,6.55
116,Requena,12.22,73.0,68.0,39.49,-1.1,5.25
117,Ola,1.08,87.0,75.0,59.58,151.28,6.51
118,Tuatapere,19.44,59.0,22.0,-46.13,167.68,2.24
119,Vila velha,23.46,88.0,16.0,-20.33,-40.29,1.0
120,Barentsburg,,,,,,
121,Rikitea,26.26,83.0,3.0,-23.12,-134.97,7.8
122,Bluff,19.44,59.0,32.0,-46.6,168.33,2.24
123,Hilo,25.28,54.0,90.0,19.73,-155.09,4.1
124,Albany,12.96,86.0,100.0,42.6,-73.97,0.45
125,Punta arenas,7.89,81.0,40.0,-53.15,-70.92,8.2
126,Marcona,,,,,,
127,Puerto ayora,26.46,69.0,20.0,-0.74,-90.35,9.3
128,Rikitea,26.26,83.0,3.0,-23.12,-134.97,7.8
129,Hobart,10.65,76.0,20.0,-42.88,147.33,3.6
130,Dikson,-5.19,95.0,100.0,73.51,80.55,7.37
131,Puerto ayora,26.46,69.0,20.0,-0.74,-90.35,9.3
132,Acajutla,29.96,38.0,40.0,13.59,-89.83,1.0
133,Olinda,25.0,94.0,40.0,-8.01,-34.86,1.0
134,Bluff,19.44,59.0,32.0,-46.6,168.33,2.24
135,Severo-yeniseyskiy,-2.41,77.0,47.0,60.37,93.04,6.01
136,Talnakh,-10.0,92.0,20.0,69.49,88.4,2.0
137,Taolanaro,,,,,,
138,Ushuaia,6.0,81.0,75.0,-54.8,-68.3,11.8
139,Cotacachi,17.0,77.0,75.0,0.3,-78.27,4.6
140,Tyrma,15.31,49.0,81.0,50.08,132.17,0.96
141,Victoria,23.42,78.0,33.0,22.29,114.16,1.34
142,Belushya guba,,,,,,
143,Alyangula,27.0,54.0,90.0,-13.85,136.42,4.1
144,Ushuaia,6.0,81.0,75.0,-54.8,-68.3,11.8
145,Mataura,19.44,59.0,36.0,-46.19,168.86,2.24
146,Safaga,24.18,29.0,0.0,26.73,33.94,3.93
147,Rikitea,26.26,83.0,3.0,-23.12,-134.97,7.8
148,Punta arenas,7.89,81.0,40.0,-53.15,-70.92,8.2
149,Souillac,24.0,64.0,20.0,-20.52,57.52,7.2
150,Chokurdakh,-8.62,96.0,72.0,70.63,147.92,2.64
151,Busselton,10.79,45.0,0.0,-33.65,115.33,4.85
152,Coquimbo,14.0,82.0,90.0,-29.95,-71.34,2.1
153,Bosaso,30.81,69.0,97.0,11.28,49.18,0.75
154,Mataura,19.44,59.0,36.0,-46.19,168.86,2.24
155,Atar,28.08,17.0,0.0,20.52,-13.05,6.3
156,Rikitea,26.26,83.0,3.0,-23.12,-134.97,7.8
157,Kapuskasing,10.0,53.0,75.0,49.42,-82.43,3.6
158,Dubrovka,3.59,88.0,100.0,53.69,33.51,4.44
159,Dikson,-5.19,95.0,100.0,73.51,80.55,7.37
160,Barrow,-17.0,84.0,1.0,71.29,-156.79,3.6
161,Khatanga,-8.66,96.0,100.0,71.97,102.5,7.95
162,Bluff,19.44,59.0,32.0,-46.6,168.33,2.24
163,Aboisso,25.74,89.0,79.0,5.47,-3.21,1.35
164,Korsakov,11.0,71.0,36.0,46.63,142.78,3.0
165,Port elizabeth,12.0,71.0,100.0,-33.92,25.57,2.1
166,Bethel,11.39,87.0,90.0,41.37,-73.41,3.6
167,Bredasdorp,12.0,81.0,80.0,-34.53,20.04,1.5
168,Kapaa,25.85,65.0,40.0,22.08,-159.32,8.2
169,Rio grande,12.22,93.0,0.0,-32.03,-52.1,4.56
170,Qaanaaq,-8.15,92.0,100.0,77.48,-69.36,1.34
171,Baherden,16.89,72.0,100.0,38.44,57.43,2.39
172,Sabang,27.46,76.0,100.0,5.89,95.32,8.1
173,Broome,13.7,93.0,90.0,42.25,-75.83,10.3
174,Tiksi,-11.32,93.0,96.0,71.69,128.87,1.15
175,Rikitea,26.26,83.0,3.0,-23.12,-134.97,7.8
176,Coquimbo,14.0,82.0,90.0,-29.95,-71.34,2.1
177,Barrow,-17.0,84.0,1.0,71.29,-156.79,3.6
178,Saleaula,,,,,,
179,Kavieng,29.26,71.0,28.0,-2.57,150.8,3.52
180,Hilo,25.28,54.0,90.0,19.73,-155.09,4.1
181,Dzhebariki-khaya,1.26,82.0,84.0,62.22,135.8,1.62
182,Kapaa,25.85,65.0,40.0,22.08,-159.32,8.2
183,Longyearbyen,-3.0,92.0,90.0,78.22,15.64,1.0
184,Ushuaia,6.0,81.0,75.0,-54.8,-68.3,11.8
185,Panuco,27.86,65.0,40.0,22.05,-98.17,6.2
186,Shenjiamen,19.05,87.0,98.0,29.96,122.3,4.64
187,Port alfred,16.11,72.0,87.0,-33.59,26.89,3.21
188,Provideniya,-1.25,91.0,81.0,64.38,-173.3,1.07
189,Longlac,,,,,,
190,Yuanping,23.37,14.0,0.0,38.72,112.76,0.13
191,Albany,12.96,86.0,100.0,42.6,-73.97,0.45
192,Rikitea,26.26,83.0,3.0,-23.12,-134.97,7.8
193,Harper,27.15,85.0,7.0,4.38,-7.72,2.21
194,Bluff,19.44,59.0,32.0,-46.6,168.33,2.24
195,Fortuna,14.65,71.0,1.0,40.6,-124.16,6.7
196,Puerto ayora,26.46,69.0,20.0,-0.74,-90.35,9.3
197,Illoqqortoormiut,,,,,,
198,Ushuaia,6.0,81.0,75.0,-54.8,-68.3,11.8
199,Auburn,13.8,62.0,75.0,47.31,-122.23,7.7
200,Albany,12.96,86.0,100.0,42.6,-73.97,0.45
201,Jamestown,8.37,93.0,90.0,42.1,-79.24,4.6
202,Punta arenas,7.89,81.0,40.0,-53.15,-70.92,8.2
203,Marsa matruh,19.76,62.0,13.0,31.35,27.25,2.03
204,Cape town,12.83,93.0,75.0,-33.93,18.42,0.5
205,Bathsheba,27.0,74.0,40.0,13.22,-59.52,8.2
206,Attawapiskat,,,,,,
207,Zabaykalsk,14.43,44.0,62.0,49.63,117.32,13.28
208,Rikitea,26.26,83.0,3.0,-23.12,-134.97,7.8
209,Satitoa,,,,,,
210,Bangui,23.12,80.0,5.0,4.36,18.55,0.6
211,Arlit,32.34,10.0,0.0,18.74,7.39,3.97
212,Mortka,4.66,93.0,90.0,59.33,66.02,2.4
213,Belle fourche,23.58,38.0,1.0,44.67,-103.85,3.56
214,Avarua,26.0,65.0,95.0,-21.21,-159.78,3.6
215,Swift current,26.0,21.0,1.0,50.28,-107.8,9.3
216,Valparaiso,16.0,72.0,0.0,-33.04,-71.63,2.6
217,Albany,12.96,86.0,100.0,42.6,-73.97,0.45
218,Antalaha,23.33,87.0,98.0,-14.9,50.28,3.92
219,Ushuaia,6.0,81.0,75.0,-54.8,-68.3,11.8
220,Grand river south east,,,,,,
221,Busselton,10.79,45.0,0.0,-33.65,115.33,4.85
222,Mataura,19.44,59.0,36.0,-46.19,168.86,2.24
223,Ratnagiri,26.91,84.0,46.0,16.98,73.3,1.54
224,Meulaboh,23.79,93.0,100.0,4.14,96.13,2.33
225,Tuatapere,19.44,59.0,22.0,-46.13,167.68,2.24
226,Avarua,26.0,65.0,95.0,-21.21,-159.78,3.6
227,Torrington,10.44,96.0,100.0,41.8,-73.12,2.68
228,Pevek,-6.1,93.0,0.0,69.7,170.31,4.84
229,Albany,12.96,86.0,100.0,42.6,-73.97,0.45
230,Bayji,23.33,35.0,95.0,34.93,43.49,2.98
231,Vaini,24.0,78.0,75.0,-21.2,-175.2,7.7
232,Ushuaia,6.0,81.0,75.0,-54.8,-68.3,11.8
233,Mataura,19.44,59.0,36.0,-46.19,168.86,2.24
234,Mackenzie,9.0,66.0,75.0,55.3,-123.17,1.5
235,Parambu,21.72,79.0,100.0,-6.21,-40.69,1.26
236,Worland,15.11,82.0,90.0,44.02,-107.96,4.6
237,Mount isa,15.0,33.0,39.0,-20.73,139.5,6.7
238,Tuatapere,19.44,59.0,22.0,-46.13,167.68,2.24
239,Khatanga,-8.66,96.0,100.0,71.97,102.5,7.95
240,Siaya,17.5,66.0,100.0,0.06,34.29,4.0
241,Praia da vitoria,20.0,82.0,75.0,38.73,-27.07,10.56
242,Kapaa,25.85,65.0,40.0,22.08,-159.32,8.2
243,Avarua,26.0,65.0,95.0,-21.21,-159.78,3.6
244,Batagay-alyta,-9.21,87.0,100.0,67.8,130.41,2.11
245,Cocobeach,26.51,86.0,68.0,1.0,9.58,0.16
246,Ushuaia,6.0,81.0,75.0,-54.8,-68.3,11.8
247,Rikitea,26.26,83.0,3.0,-23.12,-134.97,7.8
248,Rikitea,26.26,83.0,3.0,-23.12,-134.97,7.8
249,Atuona,27.73,75.0,1.0,-9.8,-139.03,8.15
250,Bethel,11.39,87.0,90.0,41.37,-73.41,3.6
251,Lebu,12.26,82.0,35.0,-37.62,-73.65,1.74
252,Acari,22.76,56.0,53.0,-15.43,-74.62,1.67
253,Camacha,18.0,82.0,20.0,33.08,-16.33,2.6
254,Cape town,12.83,93.0,75.0,-33.93,18.42,0.5
255,Iqaluit,-1.06,86.0,90.0,63.75,-68.51,6.2
256,Kruisfontein,15.44,36.0,95.0,-34.0,24.73,2.25
257,Clyde river,-4.0,85.0,75.0,70.47,-68.59,1.5
258,Hilo,25.09,54.0,90.0,19.73,-155.09,4.1
259,Yellowknife,3.94,64.0,40.0,62.46,-114.35,5.7
260,Tumannyy,,,,,,
261,Albany,12.96,86.0,100.0,42.6,-73.97,0.45
262,Blagoyevo,1.86,94.0,100.0,63.37,47.92,1.87
263,Pitsunda,14.25,58.0,90.0,43.16,40.34,4.0
264,Dunedin,17.78,51.0,63.0,-45.87,170.5,4.92
265,Busselton,10.79,45.0,0.0,-33.65,115.33,4.85
266,Coquimbo,14.0,82.0,90.0,-29.95,-71.34,2.1
267,La ronge,14.0,35.0,90.0,55.1,-105.28,5.1
268,Rikitea,26.26,83.0,3.0,-23.12,-134.97,7.8
269,Taolanaro,,,,,,
270,Severo-kurilsk,3.8,83.0,41.0,50.68,156.12,4.45
271,Albany,12.96,86.0,100.0,42.6,-73.97,0.45
272,Kavieng,29.26,71.0,28.0,-2.57,150.8,3.52
273,Butaritari,28.65,80.0,52.0,3.07,172.79,7.96
274,Broken hill,9.0,81.0,0.0,-31.95,141.43,8.2
275,Cape town,12.83,93.0,75.0,-33.93,18.42,0.5
276,Geraldton,14.0,41.0,0.0,-28.77,114.6,6.2
277,Ishigaki,25.0,94.0,75.0,24.34,124.16,3.6
278,Arlit,32.34,10.0,0.0,18.74,7.39,3.97
279,Illoqqortoormiut,,,,,,
280,Mataura,19.44,59.0,36.0,-46.19,168.86,2.24
281,Clyde river,-4.0,85.0,75.0,70.47,-68.59,1.5
282,Mys shmidta,,,,,,
283,Ushuaia,6.0,81.0,75.0,-54.8,-68.3,11.8
284,Umm kaddadah,25.92,14.0,10.0,13.6,26.69,5.39
285,Vaini,24.0,78.0,75.0,-21.2,-175.2,7.7
286,Poopo,11.6,12.0,48.0,-18.37,-66.97,1.75
287,Port alfred,16.11,72.0,87.0,-33.59,26.89,3.21
288,Kahului,25.17,54.0,20.0,20.89,-156.47,13.4
289,Hermanus,15.56,80.0,89.0,-34.42,19.23,0.89
290,Asau,10.56,87.0,48.0,46.43,26.4,0.76
291,Butaritari,28.65,80.0,52.0,3.07,172.79,7.96
292,Illoqqortoormiut,,,,,,
293,Qaanaaq,-8.15,92.0,100.0,77.48,-69.36,1.34
294,Torbay,-0.51,80.0,20.0,47.67,-52.73,3.1
295,Pevek,-6.1,93.0,0.0,69.7,170.31,4.84
296,Cabo san lucas,33.73,19.0,5.0,22.89,-109.91,7.7
297,Hilo,25.09,54.0,90.0,19.73,-155.09,4.1
298,Cuamba,20.12,73.0,37.0,-14.8,36.54,0.48
299,Bredasdorp,12.0,81.0,80.0,-34.53,20.04,1.5
300,Asau,10.56,87.0,48.0,46.43,26.4,0.76
301,Nikolskoye,-2.35,79.0,0.0,59.7,30.79,2.0
302,Arani,26.55,81.0,58.0,12.67,79.28,1.72
303,Ushuaia,6.0,81.0,75.0,-54.8,-68.3,11.8
304,Busselton,10.79,45.0,0.0,-33.65,115.33,4.85
305,Magdalena,30.0,62.0,20.0,14.2,121.43,2.1
306,Kapaa,25.85,65.0,40.0,22.08,-159.32,8.2
307,Sedelnikovo,,,,,,
308,Lebu,12.26,82.0,35.0,-37.62,-73.65,1.74
309,Batagay-alyta,-9.21,87.0,100.0,67.8,130.41,2.11
310,Coquimbo,14.0,82.0,90.0,-29.95,-71.34,2.1
311,Thiruvananthapuram,28.0,83.0,40.0,8.48,76.92,2.1
312,Mitsamiouli,27.16,76.0,7.0,-11.38,43.28,5.63
313,Sentyabrskiy,,,,,,
314,Pirapemas,24.18,95.0,100.0,-3.73,-44.22,0.53
315,Hundested,6.28,100.0,29.0,55.97,11.87,2.76
316,Karauzyak,,,,,,
317,Mahebourg,24.0,64.0,20.0,-20.41,57.7,7.2
318,East london,18.32,50.0,70.0,-33.02,27.91,2.33
319,Nizhneyansk,,,,,,
320,Mogadishu,28.15,80.0,84.0,2.04,45.34,6.57
321,Daxian,,,,,,
322,Punta arenas,7.89,81.0,40.0,-53.15,-70.92,8.2
323,Alofi,22.0,100.0,90.0,-19.06,-169.92,8.2
324,Cherskiy,0.32,96.0,34.0,68.75,161.3,5.97
325,Puerto ayora,26.46,69.0,20.0,-0.74,-90.35,9.3
326,East london,18.32,50.0,70.0,-33.02,27.91,2.33
327,Hobart,10.65,76.0,20.0,-42.88,147.33,3.6
328,Paramonga,20.55,82.0,6.0,-10.67,-77.83,2.88
329,Bluff,19.44,59.0,32.0,-46.6,168.33,2.24
330,Barrow,-17.0,84.0,1.0,71.29,-156.79,3.6
331,Carnarvon,19.0,30.0,40.0,-24.87,113.63,3.6
332,San policarpo,27.98,77.0,92.0,12.18,125.51,4.6
333,Nhulunbuy,28.0,65.0,75.0,-12.23,136.77,7.7
334,Albany,12.96,86.0,100.0,42.6,-73.97,0.45
335,Udachnyy,-11.0,78.0,90.0,66.42,112.4,5.0
336,Atuona,27.73,75.0,1.0,-9.8,-139.03,8.15
337,Kokoda,30.2,51.0,39.0,-8.88,147.74,1.84
338,Puerto ayora,26.46,69.0,20.0,-0.74,-90.35,9.3
339,Torbay,-0.51,80.0,20.0,47.67,-52.73,3.1
340,Saint george,33.1,14.0,1.0,37.1,-113.58,4.6
341,Ponta do sol,16.55,72.0,40.0,32.67,-17.1,1.5
342,Sainte-martine,10.77,79.0,100.0,45.25,-73.8,3.13
343,Mataura,19.44,59.0,36.0,-46.19,168.86,2.24
344,Te anau,15.4,64.0,49.0,-45.42,167.72,3.28
345,Rikitea,26.26,83.0,3.0,-23.12,-134.97,7.8
346,Manbij,10.0,87.0,40.0,36.53,37.95,2.1
347,Hay river,2.0,90.0,75.0,60.82,-115.8,3.1
348,Alofi,22.0,100.0,90.0,-19.06,-169.92,8.2
349,Aripuana,23.99,92.0,94.0,-9.17,-60.63,0.58
350,Mar del plata,13.84,82.0,77.0,-38.0,-57.56,2.1
351,Odessa,11.0,93.0,68.0,46.48,30.73,2.0
352,Vaini,24.0,78.0,75.0,-21.2,-175.2,7.7
353,Rikitea,26.26,83.0,3.0,-23.12,-134.97,7.8
354,Richards bay,19.51,81.0,59.0,-28.78,32.04,2.8
355,Kunming,14.59,100.0,75.0,25.04,102.72,1.0
356,Kaitangata,14.38,62.0,17.0,-46.28,169.85,1.53
357,Peniche,16.14,89.0,13.0,39.36,-9.38,4.47
358,Nguiu,,,,,,
359,Kilindoni,27.33,80.0,97.0,-7.91,39.67,4.17
360,Kitimat,11.11,68.0,92.0,54.05,-128.65,0.45
361,Morondava,24.49,82.0,60.0,-20.28,44.28,3.58
362,Luwuk,27.84,70.0,92.0,-0.95,122.79,1.27
363,Atuona,27.73,75.0,1.0,-9.8,-139.03,8.15
364,Mataura,19.44,59.0,36.0,-46.19,168.86,2.24
365,Constitucion,14.06,64.0,0.0,-35.33,-72.42,4.14
366,Huilong,21.72,85.0,100.0,31.81,121.66,1.63
367,Kaitangata,14.38,62.0,17.0,-46.28,169.85,1.53
368,Jamestown,8.37,93.0,90.0,42.1,-79.24,4.6
369,Rikitea,26.26,83.0,3.0,-23.12,-134.97,7.8
370,Rikitea,26.26,83.0,3.0,-23.12,-134.97,7.8
371,Cape town,12.83,93.0,75.0,-33.93,18.42,0.5
372,Esperance,9.0,76.0,24.0,-33.87,121.9,2.6
373,Georgetown,25.36,94.0,40.0,5.41,100.34,1.0
374,Puerto ayora,26.46,69.0,20.0,-0.74,-90.35,9.3
375,Paracatu,19.58,60.0,81.0,-17.22,-46.87,1.24
376,Henties bay,17.95,65.0,0.0,-22.12,14.28,2.16
377,Chuy,13.44,85.0,49.0,-33.7,-53.46,3.36
378,East london,18.32,50.0,70.0,-33.02,27.91,2.33
379,Ribeira grande,18.49,88.0,94.0,38.52,-28.7,11.06
380,Ivankiv,11.0,100.0,83.0,50.94,29.89,5.0
381,Bilibino,-2.76,91.0,12.0,68.05,166.44,1.39
382,Punta arenas,7.89,81.0,40.0,-53.15,-70.92,8.2
383,New norfolk,9.24,89.0,62.0,-42.78,147.06,0.99
384,Berdigestyakh,2.66,71.0,87.0,62.1,126.7,2.23
385,Auki,31.02,63.0,48.0,-8.77,160.7,1.08
386,Saint george,33.1,14.0,1.0,37.1,-113.58,4.6
387,Upington,13.0,37.0,0.0,-28.45,21.26,2.6
388,Tuatapere,19.44,59.0,22.0,-46.13,167.68,2.24
389,Bengkulu,25.44,83.0,81.0,-3.8,102.27,1.86
390,Natchitoches,26.0,34.0,1.0,31.77,-93.13,2.01
391,Kieta,30.68,62.0,81.0,-6.22,155.63,1.83
392,Marawi,26.67,83.0,100.0,8.0,124.29,1.79
393,Manta,28.0,78.0,85.0,-0.95,-80.73,5.1
394,Kathmandu,17.0,93.0,75.0,27.72,85.32,0.52
395,Banjar,25.0,94.0,20.0,-8.19,114.97,1.0
396,Barrow,-17.0,84.0,1.0,71.29,-156.79,3.6
397,Jingdezhen,21.59,77.0,100.0,29.29,117.21,0.77
398,Kayerkan,-11.0,92.0,20.0,69.35,87.76,4.0
399,Punta arenas,7.89,81.0,40.0,-53.15,-70.92,8.2
400,Hithadhoo,29.4,74.0,23.0,-0.6,73.08,3.99
401,Pisco,20.32,73.0,27.0,-13.7,-76.22,6.7
402,Esmeraldas,19.32,72.0,63.0,-19.76,-44.31,1.0
403,Punta arenas,7.89,81.0,40.0,-53.15,-70.92,8.2
404,Grindavik,5.0,65.0,75.0,63.84,-22.43,4.6
405,Cape town,12.83,93.0,75.0,-33.93,18.42,0.5
406,Rikitea,26.26,83.0,3.0,-23.12,-134.97,7.8
407,Port blair,28.55,74.0,84.0,11.67,92.75,1.32
408,Busselton,10.79,45.0,0.0,-33.65,115.33,4.85
409,Lincoln,23.59,27.0,1.0,40.8,-96.67,2.6
410,Tuktoyaktuk,-14.0,77.0,5.0,69.45,-133.04,5.7
411,Guerrero negro,20.45,61.0,68.0,27.98,-114.06,7.82
412,Rikitea,26.26,83.0,3.0,-23.12,-134.97,7.8
413,Touros,25.0,94.0,20.0,-5.2,-35.46,1.5
414,Saint-philippe,21.42,73.0,75.0,-21.36,55.77,1.5
415,Chanika,19.4,81.0,94.0,-5.42,38.02,1.39
416,Chiungutwa,21.38,89.0,96.0,-10.88,38.98,0.83
417,Bayji,23.33,35.0,95.0,34.93,43.49,2.98
418,Bredasdorp,12.0,81.0,80.0,-34.53,20.04,1.5
419,Lokosovo,5.37,90.0,100.0,61.13,74.82,2.49
420,Yumen,18.3,11.0,0.0,40.28,97.2,1.61
421,Kapaa,25.85,65.0,40.0,22.08,-159.32,8.2
422,Pec,10.0,71.0,17.0,42.66,20.29,2.6
423,Alice springs,12.0,33.0,0.0,-23.7,133.88,4.1
424,Atuona,27.73,75.0,1.0,-9.8,-139.03,8.15
425,Xam nua,20.12,69.0,85.0,20.42,104.04,0.66
426,Tooele,19.45,59.0,40.0,40.53,-112.3,5.7
427,Rikitea,26.26,83.0,3.0,-23.12,-134.97,7.8
428,Mogadishu,28.15,80.0,84.0,2.04,45.34,6.57
429,Thompson,11.0,40.0,75.0,55.74,-97.86,5.7
430,Ayan,-1.45,97.0,92.0,56.45,138.17,2.9
431,Albany,12.96,86.0,100.0,42.6,-73.97,0.45
432,Magistralnyy,8.43,68.0,78.0,56.17,107.45,4.32
433,Portland,17.06,34.0,75.0,45.52,-122.68,5.1
434,Ushuaia,6.0,81.0,75.0,-54.8,-68.3,11.8
435,Codrington,10.02,75.0,100.0,-38.27,141.97,12.38
436,Kambove,15.61,65.0,17.0,-10.88,26.6,1.87
437,Kapaa,25.85,65.0,40.0,22.08,-159.32,8.2
438,Butaritari,28.65,80.0,52.0,3.07,172.79,7.96
439,Petropavlovsk-kamchatskiy,8.0,36.0,0.0,53.05,158.65,3.0
440,Mopti,33.2,21.0,74.0,14.67,-4.0,1.93
441,Sorong,28.33,76.0,75.0,-0.88,131.25,5.65
442,Rundu,18.15,32.0,25.0,-17.93,19.77,2.34
443,Rikitea,26.26,83.0,3.0,-23.12,-134.97,7.8
444,Attawapiskat,,,,,,
445,Puerto ayora,26.46,69.0,20.0,-0.74,-90.35,9.3
446,Kavieng,29.26,71.0,28.0,-2.57,150.8,3.52
447,Vaitupu,,,,,,
448,Albany,12.96,86.0,100.0,42.6,-73.97,0.45
449,Pevek,-6.1,93.0,0.0,69.7,170.31,4.84
450,Qaanaaq,-8.15,92.0,100.0,77.48,-69.36,1.34
451,Vaitupu,,,,,,
452,Jibuti,31.0,79.0,1.0,11.5,42.5,2.6
453,Rikitea,26.26,83.0,3.0,-23.12,-134.97,7.8
454,Punta arenas,7.89,81.0,40.0,-53.15,-70.92,8.2
455,Veliki preslav,12.03,80.0,33.0,43.17,26.82,2.1
456,Lolua,,,,,,
457,Tabory,6.03,92.0,78.0,58.52,64.55,4.05
458,Ushuaia,6.0,81.0,75.0,-54.8,-68.3,11.8
459,Taolanaro,,,,,,
460,Klaksvik,6.0,87.0,100.0,62.23,-6.59,1.5
461,Huambo,14.25,49.0,40.0,-12.78,15.74,1.37
462,Yellowknife,3.94,64.0,40.0,62.46,-114.35,5.7
463,Busselton,10.79,45.0,0.0,-33.65,115.33,4.85
464,Rikitea,26.26,83.0,3.0,-23.12,-134.97,7.8
465,Luorong,24.0,81.0,71.0,24.41,109.61,2.0
466,Bluff,19.44,59.0,32.0,-46.6,168.33,2.24
467,Punta arenas,7.89,81.0,40.0,-53.15,-70.92,8.2
468,Jiuquan,19.93,11.0,0.0,39.74,98.52,0.21
469,Mataura,19.44,59.0,36.0,-46.19,168.86,2.24
470,Lorengau,28.91,78.0,53.0,-2.02,147.27,1.78
471,Eldikan,,,,,,
472,Punta arenas,7.89,81.0,40.0,-53.15,-70.92,8.2
473,Qaanaaq,-8.15,92.0,100.0,77.48,-69.36,1.34
474,Atuona,27.73,75.0,1.0,-9.8,-139.03,8.15
475,Busselton,10.79,45.0,0.0,-33.65,115.33,4.85
476,Ribeira grande,18.49,88.0,94.0,38.52,-28.7,11.06
477,Busselton,10.79,45.0,0.0,-33.65,115.33,4.85
478,Atuona,27.73,75.0,1.0,-9.8,-139.03,8.15
479,Ushuaia,6.0,81.0,75.0,-54.8,-68.3,11.8
480,Shimoda,20.3,68.0,20.0,34.67,138.95,7.2
481,Roswell,15.43,55.0,75.0,34.02,-84.36,4.6
482,Thompson,11.0,40.0,75.0,55.74,-97.86,5.7
483,Sheridan,18.0,55.0,75.0,44.83,-106.92,3.1
484,Zambezi,16.06,52.0,10.0,-13.54,23.1,1.5
485,Hilo,25.09,54.0,90.0,19.73,-155.09,4.1
486,Hualmay,20.79,79.0,22.0,-11.1,-77.61,3.16
487,Lompoc,21.5,38.0,1.0,34.64,-120.46,4.1
488,Hilo,25.09,54.0,90.0,19.73,-155.09,4.1
489,Kapaa,25.85,65.0,40.0,22.08,-159.32,8.2
490,Vaitape,28.45,70.0,35.0,-16.52,-151.75,0.94
491,Ribeira grande,18.49,88.0,94.0,38.52,-28.7,11.06
492,Butaritari,28.65,80.0,52.0,3.07,172.79,7.96
493,Airai,20.32,47.0,3.0,-8.93,125.41,1.07
494,Sao francisco de paula,14.25,58.0,0.0,-29.45,-50.58,0.92
495,Kieta,30.68,62.0,81.0,-6.22,155.63,1.83
496,Bluff,19.44,59.0,32.0,-46.6,168.33,2.24
497,Nantucket,8.98,87.0,90.0,41.28,-70.1,8.7
498,Araouane,33.11,12.0,1.0,18.9,-3.53,6.28
499,Thompson,11.0,40.0,75.0,55.74,-97.86,5.7
500,Nizhneyansk,,,,,,
501,Tuatapere,19.44,59.0,22.0,-46.13,167.68,2.24
502,Dikson,-5.19,95.0,100.0,73.51,80.55,7.37
503,Victoria,23.42,78.0,33.0,22.29,114.16,1.34
504,Nome,3.95,51.0,1.0,64.5,-165.41,1.5
505,Winnemucca,23.0,17.0,40.0,40.97,-117.74,10.3
506,Umm kaddadah,25.92,14.0,10.0,13.6,26.69,5.39
507,Wanaka,14.11,57.0,46.0,-44.7,169.15,3.25
508,Hermanus,15.56,80.0,89.0,-34.42,19.23,0.89
509,Meghri,12.61,45.0,70.0,38.9,46.24,0.35
510,Quelimane,20.78,94.0,57.0,-17.88,36.89,1.41
511,Hermanus,15.56,80.0,89.0,-34.42,19.23,0.89
512,Punta arenas,7.89,81.0,40.0,-53.15,-70.92,8.2
513,Bangassou,21.27,83.0,83.0,4.74,22.82,0.92
514,Faanui,27.98,70.0,37.0,-16.48,-151.75,1.03
515,San quintin,18.78,75.0,92.0,30.48,-115.95,4.65
516,Jamestown,8.37,93.0,90.0,42.1,-79.24,4.6
517,Bluff,19.44,59.0,32.0,-46.6,168.33,2.24
518,Mar del plata,13.84,82.0,77.0,-38.0,-57.56,2.1
519,Bluff,19.44,59.0,32.0,-46.6,168.33,2.24
520,Busselton,10.79,45.0,0.0,-33.65,115.33,4.85
521,New norfolk,9.24,89.0,62.0,-42.78,147.06,0.99
522,Aranos,15.84,18.0,0.0,-24.13,19.12,4.39
523,Peachland,16.66,27.0,20.0,49.77,-119.74,6.2
524,Yulara,11.0,50.0,0.0,-25.24,130.99,5.7
525,Butaritari,28.65,80.0,52.0,3.07,172.79,7.96
526,Kuliyapitiya,25.21,92.0,46.0,7.47,80.04,1.52
527,Port alfred,16.11,72.0,87.0,-33.59,26.89,3.21
528,Mataura,19.44,59.0,36.0,-46.19,168.86,2.24
529,Sao filipe,24.19,67.0,0.0,14.9,-24.5,3.6
530,Waipawa,16.35,63.0,23.0,-41.41,175.52,13.4
531,Asau,10.56,87.0,48.0,46.43,26.4,0.76
532,Hermanus,15.56,80.0,89.0,-34.42,19.23,0.89
533,Cape town,12.83,93.0,75.0,-33.93,18.42,0.5
534,Verkh-usugli,12.38,31.0,2.0,52.7,115.17,5.8
535,Tonk,29.04,31.0,10.0,26.17,75.78,3.2
536,Vryburg,12.14,37.0,0.0,-26.96,24.73,1.28
537,Beringovskiy,-2.39,94.0,100.0,63.05,179.32,2.22
538,New norfolk,9.24,89.0,62.0,-42.78,147.06,0.99
539,Hilo,25.09,54.0,90.0,19.73,-155.09,4.1
540,Hambantota,26.72,85.0,26.0,6.12,81.12,3.06
541,Mataura,19.44,59.0,36.0,-46.19,168.86,2.24
542,Rikitea,26.26,83.0,3.0,-23.12,-134.97,7.8
543,Inhambane,20.91,87.0,5.0,-23.86,35.38,2.97
544,Petropavlovsk-kamchatskiy,8.0,36.0,0.0,53.05,158.65,3.0
545,Chokurdakh,-8.62,96.0,72.0,70.63,147.92,2.64
546,Atuona,27.73,75.0,1.0,-9.8,-139.03,8.15
547,Kapuskasing,10.0,53.0,75.0,49.42,-82.43,3.6
548,Jacareacanga,24.2,93.0,100.0,-6.22,-57.75,0.48
549,Mataura,19.44,59.0,36.0,-46.19,168.86,2.24
550,Illoqqortoormiut,,,,,,
551,Jamestown,8.37,93.0,90.0,42.1,-79.24,4.6
552,Tasiilaq,1.0,43.0,12.0,65.61,-37.64,6.7
553,Qafsah,,,,,,
554,Rikitea,26.26,83.0,3.0,-23.12,-134.97,7.8
555,Port alfred,16.11,72.0,87.0,-33.59,26.89,3.21
556,Albany,12.96,86.0,100.0,42.6,-73.97,0.45
557,Linhares,21.27,94.0,6.0,-19.39,-40.07,0.49
558,Mataura,19.44,59.0,36.0,-46.19,168.86,2.24
559,Lorengau,28.91,78.0,53.0,-2.02,147.27,1.78
560,Castro,16.61,58.0,4.0,-24.79,-50.01,1.73
561,Tasiilaq,1.0,43.0,12.0,65.61,-37.64,6.7
562,Caravelas,23.49,83.0,15.0,-17.71,-39.25,2.22
563,Sulangan,27.73,77.0,100.0,11.14,123.72,4.27
564,Rikitea,26.26,83.0,3.0,-23.12,-134.97,7.8
565,Touros,25.0,94.0,20.0,-5.2,-35.46,1.5
566,Kodiak,8.0,65.0,1.0,57.79,-152.41,4.1
567,Mataura,19.44,59.0,36.0,-46.19,168.86,2.24
568,Punta arenas,7.89,81.0,40.0,-53.15,-70.92,8.2
569,Emba,8.79,55.0,0.0,48.83,58.14,3.61
570,Rikitea,26.26,83.0,3.0,-23.12,-134.97,7.8
571,Beira,21.74,91.0,1.0,-19.84,34.84,2.42
572,Hobart,10.65,76.0,20.0,-42.88,147.33,3.6
573,Vavuniya,24.17,93.0,58.0,8.75,80.5,1.09
574,Melipilla,16.35,82.0,0.0,-33.7,-71.22,1.5
575,Maragogi,25.62,86.0,100.0,-9.01,-35.22,2.57
576,Hilo,25.09,54.0,90.0,19.73,-155.09,4.1
577,Ushuaia,6.0,81.0,75.0,-54.8,-68.3,11.8
578,Fortuna,14.65,71.0,1.0,40.6,-124.16,6.7
579,Rikitea,26.26,83.0,3.0,-23.12,-134.97,7.8
580,Victoria,23.42,78.0,33.0,22.29,114.16,1.34
581,Paamiut,1.1,90.0,13.0,61.99,-49.67,6.55
582,Punta arenas,7.89,81.0,40.0,-53.15,-70.92,8.2
583,Atambua,26.03,63.0,2.0,-9.11,124.89,0.82
584,Chicama,22.5,67.0,85.0,-7.84,-79.15,2.47
585,Port elizabeth,12.0,71.0,100.0,-33.92,25.57,2.1
586,Aloleng,29.18,66.0,83.0,16.13,119.78,2.8
587,Pisco,20.32,73.0,27.0,-13.7,-76.22,6.7
588,Litovko,16.98,50.0,5.0,49.24,135.17,5.4
589,Pitimbu,25.0,100.0,20.0,-7.47,-34.81,2.1
590,Rikitea,26.26,83.0,3.0,-23.12,-134.97,7.8
591,Cabo san lucas,33.73,19.0,5.0,22.89,-109.91,7.7
592,Hermanus,15.56,80.0,89.0,-34.42,19.23,0.89
593,Dawei,26.84,78.0,86.0,14.08,98.2,1.13
594,Barrow,-17.0,84.0,1.0,71.29,-156.79,3.6
595,Illoqqortoormiut,,,,,,
596,Lorengau,28.91,78.0,53.0,-2.02,147.27,1.78
597,Punta arenas,7.89,81.0,40.0,-53.15,-70.92,8.2
598,Guerrero negro,20.45,61.0,68.0,27.98,-114.06,7.82
599,Ushuaia,6.0,81.0,75.0,-54.8,-68.3,11.8
600,Mataura,19.44,59.0,36.0,-46.19,168.86,2.24
601,Verkhoyansk,-6.31,92.0,97.0,67.54,133.38,2.02
602,Chifeng,24.59,21.0,2.0,42.27,118.96,5.52
603,Botngard,5.54,52.0,78.0,63.77,9.81,7.7
604,Hithadhoo,29.4,74.0,23.0,-0.6,73.08,3.99
605,The pas,19.0,68.0,75.0,53.83,-101.25,4.6
606,Vila franca do campo,18.0,93.0,75.0,37.72,-25.43,6.7
607,Tanout,30.16,11.0,9.0,14.97,8.89,2.07
608,Viedma,13.43,72.0,25.0,-40.81,-63.0,4.21
609,Saint-leu,21.49,73.0,75.0,-21.15,55.28,1.5
610,Cape town,12.83,93.0,75.0,-33.93,18.42,0.5
611,Marau,14.67,44.0,2.0,-28.45,-52.2,1.44
612,Edeia,19.85,64.0,27.0,-17.34,-49.93,1.85
613,Kapaa,25.85,65.0,40.0,22.08,-159.32,8.2
614,Taolanaro,,,,,,
615,Puerto suarez,26.29,56.0,68.0,-18.95,-57.8,1.09
616,Komsomolskiy,17.0,55.0,59.0,40.43,71.72,2.1
617,Mataura,19.44,59.0,36.0,-46.19,168.86,2.24
618,Isla mujeres,27.88,74.0,75.0,21.23,-86.73,1.0
619,Kayes,35.18,12.0,0.0,14.0,-11.0,2.04
620,Busselton,10.79,45.0,0.0,-33.65,115.33,4.85
621,Cuamba,20.12,73.0,37.0,-14.8,36.54,0.48
622,Karratha,20.56,26.0,1.0,-20.74,116.85,10.94
623,Mount gambier,10.0,87.0,75.0,-37.83,140.77,7.7
624,Mataura,19.44,59.0,36.0,-46.19,168.86,2.24
625,Faanui,27.98,70.0,37.0,-16.48,-151.75,1.03
626,Tuktoyaktuk,-14.0,77.0,5.0,69.45,-133.04,5.7
627,Hobart,10.65,76.0,20.0,-42.88,147.33,3.6
628,Gurupi,22.76,77.0,4.0,-11.73,-49.07,1.99
629,Tuatapere,19.44,59.0,22.0,-46.13,167.68,2.24
630,Prachuap khiri khan,27.29,75.0,29.0,11.82,99.78,1.77
631,Lompoc,21.5,38.0,1.0,34.64,-120.46,4.1
632,Punta arenas,7.89,81.0,40.0,-53.15,-70.92,8.2
633,Mys shmidta,,,,,,
634,Meyungs,,,,,,
635,Albany,12.96,86.0,100.0,42.6,-73.97,0.45
636,Nyurba,-2.65,91.0,99.0,63.28,118.33,4.93
637,Hilo,25.09,54.0,90.0,19.73,-155.09,4.1
638,Shache,20.25,20.0,70.0,38.42,77.24,5.84
639,Ushuaia,6.0,81.0,75.0,-54.8,-68.3,11.8
640,Tadine,26.25,74.0,41.0,-21.55,167.88,7.72
641,Egvekinot,-5.28,92.0,11.0,66.32,-179.17,0.72
642,Lebu,12.26,82.0,35.0,-37.62,-73.65,1.74
643,Jamestown,8.37,93.0,90.0,42.1,-79.24,4.6
644,Margate,7.78,85.0,56.0,51.38,1.39,1.34
645,Toliary,,,,,,
646,Eatonton,15.74,72.0,77.0,33.33,-83.39,2.66
647,Malanje,17.18,53.0,0.0,-9.54,16.34,1.54
648,Mataura,19.44,59.0,36.0,-46.19,168.86,2.24
649,Los llanos de aridane,17.26,77.0,0.0,28.66,-17.92,3.6
650,Carnarvon,19.0,30.0,40.0,-24.87,113.63,3.6
651,Cape town,12.83,93.0,75.0,-33.93,18.42,0.5
652,Cherskiy,0.32,96.0,34.0,68.75,161.3,5.97
653,Hasaki,20.56,60.0,75.0,35.73,140.83,6.2
654,Bluff,19.44,59.0,32.0,-46.6,168.33,2.24
655,Suzun,8.5,65.0,23.0,53.78,82.31,3.77
656,Clyde river,-4.0,85.0,75.0,70.47,-68.59,1.5
657,Fortuna,14.65,71.0,1.0,40.6,-124.16,6.7
658,Jamestown,8.37,93.0,90.0,42.1,-79.24,4.6
659,Santa rosalia,32.15,21.0,66.0,27.32,-112.28,1.55
660,Tsihombe,,,,,,
661,Bredasdorp,12.0,81.0,80.0,-34.53,20.04,1.5
662,Nianzishan,14.44,65.0,92.0,47.52,122.88,3.58
663,Codrington,10.02,75.0,100.0,-38.27,141.97,12.38
664,Cabo san lucas,33.73,19.0,5.0,22.89,-109.91,7.7
665,Bathsheba,27.0,74.0,40.0,13.22,-59.52,8.2
666,Pevek,-6.1,93.0,0.0,69.7,170.31,4.84
667,Hualmay,20.79,79.0,22.0,-11.1,-77.61,3.16
668,Itupiranga,26.0,94.0,36.0,-5.13,-49.33,0.8
669,Bonavista,0.0,82.0,8.0,48.65,-53.11,2.24
670,Yazman,31.68,18.0,5.0,29.12,71.74,2.06
671,Cabatuan,28.34,69.0,100.0,10.88,122.49,4.52
672,Teguise,19.0,77.0,20.0,29.06,-13.56,6.2
673,Belushya guba,,,,,,
674,Umm lajj,22.96,73.0,0.0,25.02,37.27,3.7
675,Rikitea,26.26,83.0,3.0,-23.12,-134.97,7.8
676,Cape town,12.83,93.0,75.0,-33.93,18.42,0.5
677,Bonfim,30.87,50.0,51.0,3.08,-59.95,2.7
678,Chapais,5.0,93.0,90.0,49.78,-74.85,6.7
679,Vung tau,28.44,75.0,16.0,10.35,107.08,9.39
680,Bambous virieux,24.21,64.0,20.0,-20.34,57.76,7.2
681,Ushuaia,6.0,81.0,75.0,-54.8,-68.3,11.8
682,Vanimo,29.93,64.0,97.0,-2.67,141.3,0.88
683,Harbour breton,6.11,68.0,31.0,47.48,-55.8,2.35
684,Barrow,-17.0,84.0,1.0,71.29,-156.79,3.6
685,Kapaa,25.85,65.0,40.0,22.08,-159.32,8.2
686,Faanui,27.98,70.0,37.0,-16.48,-151.75,1.03
687,Litovko,16.98,50.0,5.0,49.24,135.17,5.4
688,Olafsvik,2.84,80.0,64.0,64.89,-23.71,9.12
689,Avarua,26.0,65.0,95.0,-21.21,-159.78,3.6
690,Cape town,12.83,93.0,75.0,-33.93,18.42,0.5
691,Saint george,33.1,14.0,1.0,37.1,-113.58,4.6
692,Lancaster,13.15,87.0,90.0,40.25,-76.25,3.1
693,Dikson,-5.19,95.0,100.0,73.51,80.55,7.37
694,Katsuura,20.56,62.0,0.0,35.13,140.3,4.02
695,Yulara,11.0,50.0,0.0,-25.24,130.99,5.7
696,Morshansk,4.16,92.0,30.0,53.44,41.81,2.79
697,Cidreira,17.01,66.0,0.0,-30.18,-50.21,3.7
698,Jamestown,8.37,93.0,90.0,42.1,-79.24,4.6
699,Ahumada,,,,,,
700,Sao joao da barra,23.04,87.0,94.0,-21.64,-41.05,4.27
701,New norfolk,9.24,89.0,62.0,-42.78,147.06,0.99
702,Taolanaro,,,,,,
703,Albany,12.96,86.0,100.0,42.6,-73.97,0.45
704,Calera,19.46,40.0,1.0,33.1,-86.75,5.1
705,Hirado,19.13,88.0,75.0,33.36,129.55,4.1
706,Mahebourg,24.0,64.0,20.0,-20.41,57.7,7.2
707,Cherskiy,0.32,96.0,34.0,68.75,161.3,5.97
708,Lake zurich,12.29,58.0,1.0,42.2,-88.09,3.1
709,Kuching,23.95,100.0,20.0,1.55,110.33,1.0
710,Yulara,11.0,50.0,0.0,-25.24,130.99,5.7
711,Busselton,10.79,45.0,0.0,-33.65,115.33,4.85
712,Vao,24.92,77.0,10.0,-22.67,167.48,8.89
713,Asau,10.56,87.0,48.0,46.43,26.4,0.76
714,Souillac,24.0,64.0,20.0,-20.52,57.52,7.2
715,Amapa,23.18,94.0,100.0,1.0,-52.0,0.5
716,Albany,12.96,86.0,100.0,42.6,-73.97,0.45
717,Padang,25.18,85.0,100.0,-0.95,100.35,3.74
718,Nieuw amsterdam,26.67,90.0,99.0,5.88,-55.08,1.79
719,Tazovskiy,-11.41,92.0,0.0,67.47,78.7,5.07
720,Pucallpa,24.67,80.0,22.0,-8.38,-74.55,0.58
721,Nishihara,22.19,78.0,75.0,26.18,127.76,4.6
722,Bolungarvik,,,,,,
723,Pochutla,31.0,58.0,20.0,15.74,-96.47,5.1
724,Kisangani,23.34,71.0,33.0,0.52,25.2,0.84
725,Skibbereen,7.0,81.0,20.0,51.55,-9.27,3.1
726,Cape town,12.83,93.0,75.0,-33.93,18.42,0.5
727,Qaanaaq,-8.15,92.0,100.0,77.48,-69.36,1.34
728,Jamestown,8.37,93.0,90.0,42.1,-79.24,4.6
729,Marcona,,,,,,
730,Lasa,5.4,93.0,75.0,46.62,10.7,1.0
731,Hofn,4.45,70.0,63.0,64.25,-15.21,6.32
732,Serebryansk,3.0,86.0,20.0,49.69,83.29,2.51
733,Saskylakh,-8.34,95.0,100.0,71.92,114.08,7.21
734,Bethel,11.39,87.0,90.0,41.37,-73.41,3.6
735,Rikitea,26.26,83.0,3.0,-23.12,-134.97,7.8
736,Luderitz,20.26,44.0,0.0,-26.65,15.16,4.11
737,Cape town,12.83,93.0,75.0,-33.93,18.42,0.5
738,Ushuaia,6.0,81.0,75.0,-54.8,-68.3,11.8
739,Saint-philippe,21.42,73.0,75.0,-21.36,55.77,1.5
740,Kahului,25.17,54.0,20.0,20.89,-156.47,13.4
741,Puerto ayora,26.46,69.0,20.0,-0.74,-90.35,9.3
742,Kapaa,25.85,65.0,40.0,22.08,-159.32,8.2
743,Puerto ayora,26.46,69.0,20.0,-0.74,-90.35,9.3
744,Samusu,,,,,,
745,Dikson,-5.19,95.0,100.0,73.51,80.55,7.37
746,Butaritari,28.65,80.0,52.0,3.07,172.79,7.96
747,Codrington,10.02,75.0,100.0,-38.27,141.97,12.38
748,Nizhneyansk,,,,,,
749,Abbeville,8.89,83.0,42.0,50.1,1.83,6.91
750,Albany,12.96,86.0,100.0,42.6,-73.97,0.45
751,Ancud,9.75,93.0,75.0,-41.87,-73.82,1.5
752,Barentsburg,,,,,,
753,Abalak,5.94,89.0,48.0,58.13,68.59,2.98
754,Illoqqortoormiut,,,,,,
755,Hilo,25.09,54.0,90.0,19.73,-155.09,4.1
756,Dikson,-5.19,95.0,100.0,73.51,80.55,7.37
757,Lebu,12.26,82.0,35.0,-37.62,-73.65,1.74
758,Maceio,24.0,100.0,75.0,-9.67,-35.74,1.0
759,Ushuaia,6.0,81.0,75.0,-54.8,-68.3,11.8
760,Maniitsoq,0.4,86.0,26.0,65.42,-52.9,5.36
761,Rikitea,26.26,83.0,3.0,-23.12,-134.97,7.8
762,Tuktoyaktuk,-14.0,77.0,5.0,69.45,-133.04,5.7
763,Ushuaia,6.0,81.0,75.0,-54.8,-68.3,11.8
764,Barawe,,,,,,
765,Bonavista,0.0,82.0,8.0,48.65,-53.11,2.24
766,Busselton,10.79,45.0,0.0,-33.65,115.33,4.85
767,Illoqqortoormiut,,,,,,
768,Novyy urengoy,-9.76,94.0,20.0,66.08,76.63,6.74
769,Vidim,6.53,74.0,78.0,56.41,103.11,2.96
770,Hermanus,15.56,80.0,89.0,-34.42,19.23,0.89
771,Hobart,10.65,76.0,20.0,-42.88,147.33,3.6
772,Punta arenas,7.89,81.0,40.0,-53.15,-70.92,8.2
773,Tuktoyaktuk,-14.0,77.0,5.0,69.45,-133.04,5.7
774,Ushuaia,6.0,81.0,75.0,-54.8,-68.3,11.8
775,Kavieng,29.26,71.0,28.0,-2.57,150.8,3.52
776,Khatanga,-8.66,96.0,100.0,71.97,102.5,7.95
777,Orvault,11.06,93.0,96.0,47.27,-1.62,4.6
778,Saldanha,14.0,93.0,98.0,-33.01,17.94,2.1
779,Kodiak,8.0,65.0,1.0,57.79,-152.41,4.1
780,Soligalich,-2.06,97.0,0.0,59.08,42.29,1.71
781,Faanui,27.98,70.0,37.0,-16.48,-151.75,1.03
782,Ushuaia,6.0,81.0,75.0,-54.8,-68.3,11.8
783,Marrakesh,19.0,52.0,40.0,31.63,-8.01,4.1
784,Nouadhibou,20.0,72.0,0.0,20.93,-17.03,9.3
785,Norman wells,-3.0,63.0,90.0,65.28,-126.83,2.6
786,Saint-augustin,3.74,73.0,96.0,51.23,-58.65,2.03
787,Ermelo,8.71,50.0,8.0,-26.53,29.98,1.08
788,Victoria,23.42,78.0,33.0,22.29,114.16,1.34
789,Barentsburg,,,,,,
790,Cape town,12.83,93.0,75.0,-33.93,18.42,0.5
791,Safranbolu,9.8,69.0,23.0,41.25,32.69,0.62
792,San quintin,18.78,75.0,92.0,30.48,-115.95,4.65
793,Lebu,12.26,82.0,35.0,-37.62,-73.65,1.74
794,Hobart,10.65,76.0,20.0,-42.88,147.33,3.6
795,Mys shmidta,,,,,,
796,Luderitz,20.26,44.0,0.0,-26.65,15.16,4.11
797,Paamiut,1.1,90.0,13.0,61.99,-49.67,6.55
798,Rikitea,26.26,83.0,3.0,-23.12,-134.97,7.8
799,Hobart,10.65,76.0,20.0,-42.88,147.33,3.6
800,Abnub,22.0,35.0,0.0,27.27,31.15,6.2
801,Mumbwa,16.43,45.0,0.0,-14.98,27.06,1.27
802,Port elizabeth,12.0,71.0,100.0,-33.92,25.57,2.1
803,Tacna,20.0,72.0,93.0,-18.01,-70.25,2.6
804,Havelock,18.47,88.0,75.0,34.88,-76.9,2.1
805,Kedrovyy,13.0,62.0,40.0,56.17,91.82,7.0
806,Rikitea,26.26,83.0,3.0,-23.12,-134.97,7.8
807,Culaman,26.46,74.0,100.0,5.96,125.66,0.24
808,Rikitea,26.26,83.0,3.0,-23.12,-134.97,7.8
809,Quatre cocos,24.23,64.0,20.0,-20.21,57.76,7.2
810,Illoqqortoormiut,,,,,,
811,Cervo,16.67,1.0,95.0,43.67,-7.41,4.02
812,Hobart,10.65,76.0,20.0,-42.88,147.33,3.6
813,Saint anthony,20.0,20.0,1.0,45.02,-93.22,3.1
814,Cockburn town,26.73,80.0,2.0,21.46,-71.14,8.86
815,Ushuaia,6.0,81.0,75.0,-54.8,-68.3,11.8
816,Yellowknife,3.94,64.0,40.0,62.46,-114.35,5.7
817,Esperance,9.0,76.0,24.0,-33.87,121.9,2.6
818,Upernavik,-1.83,87.0,100.0,72.79,-56.15,1.58
819,Tilichiki,-3.79,95.0,23.0,60.47,166.1,2.64
820,Mataura,19.44,59.0,36.0,-46.19,168.86,2.24
821,Port alfred,16.11,72.0,87.0,-33.59,26.89,3.21
822,Grand river south east,,,,,,
823,Punta arenas,7.89,81.0,40.0,-53.15,-70.92,8.2
824,Hithadhoo,29.4,74.0,23.0,-0.6,73.08,3.99
825,Carnarvon,19.0,30.0,40.0,-24.87,113.63,3.6
826,Mataura,19.44,59.0,36.0,-46.19,168.86,2.24
827,Cayenne,26.0,100.0,100.0,4.93,-52.33,1.0
828,Qaanaaq,-8.15,92.0,100.0,77.48,-69.36,1.34
829,Longonjo,15.85,47.0,14.0,-12.91,15.25,1.26
830,Aasiaat,-2.22,89.0,52.0,68.71,-52.87,2.66
831,Poum,26.56,76.0,8.0,-20.23,164.02,7.07
832,Atuona,27.73,75.0,1.0,-9.8,-139.03,8.15
833,Haines junction,6.4,48.0,98.0,60.75,-137.51,3.87
834,Taolanaro,,,,,,
835,Mataura,19.44,59.0,36.0,-46.19,168.86,2.24
836,Nikolskoye,-2.35,79.0,0.0,59.7,30.79,2.0
837,Rikitea,26.26,83.0,3.0,-23.12,-134.97,7.8
838,Bluff,19.44,59.0,32.0,-46.6,168.33,2.24
839,Lagoa,17.96,89.0,100.0,39.05,-27.98,8.41
840,Zhigansk,-7.88,94.0,92.0,66.77,123.37,8.27
841,Astara,14.0,100.0,40.0,38.5,48.67,4.1
842,Labutta,,,,,,
843,Bengkulu,25.44,83.0,81.0,-3.8,102.27,1.86
844,Vostok,14.81,39.0,66.0,46.49,135.88,1.27
845,Lebu,12.26,82.0,35.0,-37.62,-73.65,1.74
846,Carbonia,16.99,87.0,20.0,39.17,8.52,1.0
847,Hermanus,15.56,80.0,89.0,-34.42,19.23,0.89
848,Kodiak,8.0,65.0,1.0,57.79,-152.41,4.1
849,Adrar,29.19,16.0,0.0,20.5,-10.07,6.67
850,Busselton,10.79,45.0,0.0,-33.65,115.33,4.85
851,Mataura,19.44,59.0,36.0,-46.19,168.86,2.24
852,New norfolk,9.24,89.0,62.0,-42.78,147.06,0.99
853,Karauzyak,,,,,,
854,Severo-kurilsk,3.8,83.0,41.0,50.68,156.12,4.45
855,Mataura,19.44,59.0,36.0,-46.19,168.86,2.24
856,Walvis bay,19.39,51.0,0.0,-22.96,14.51,1.07
857,Cape town,12.83,93.0,75.0,-33.93,18.42,0.5
858,Amderma,,,,,,
859,Mys shmidta,,,,,,
860,Kruisfontein,15.44,36.0,95.0,-34.0,24.73,2.25
861,Roma,12.21,87.0,90.0,43.21,-75.46,7.7
862,Surany,13.93,76.0,96.0,48.09,18.18,2.6
863,Raudeberg,7.78,57.0,100.0,61.99,5.14,1.41
864,Barentsburg,,,,,,
865,Taolanaro,,,,,,
866,Hobart,10.65,76.0,20.0,-42.88,147.33,3.6
867,Tura,21.91,62.0,16.0,25.52,90.22,1.39
868,Fort nelson,14.0,46.0,75.0,58.81,-122.7,4.1
869,Maldonado,16.06,77.0,75.0,-34.67,-54.92,6.7
870,Mar del plata,13.84,82.0,77.0,-38.0,-57.56,2.1
871,Hobart,10.65,76.0,20.0,-42.88,147.33,3.6
872,Teya,-0.3,76.0,50.0,60.38,92.63,5.52
873,Barrow,-17.0,84.0,1.0,71.29,-156.79,3.6
874,Manaure,28.16,69.0,86.0,11.78,-72.44,6.9
875,Alice springs,12.0,46.0,0.0,-23.7,133.88,5.7
876,Kaseda,15.99,77.0,75.0,31.42,130.32,0.5
877,Rikitea,26.26,83.0,3.0,-23.12,-134.97,7.8
878,Port alfred,16.11,72.0,87.0,-33.59,26.89,3.21
879,Tambura,21.44,79.0,100.0,5.6,27.47,2.29
880,Busselton,10.79,45.0,0.0,-33.65,115.33,4.85
881,Barrow,-17.0,84.0,1.0,71.29,-156.79,3.6
882,Amderma,,,,,,
883,Rikitea,26.26,83.0,3.0,-23.12,-134.97,7.8
884,Muscat,37.0,27.0,3.0,23.61,58.59,9.3
885,Khorramshahr,24.0,60.0,0.0,30.44,48.17,2.1
886,Bhandara,26.0,61.0,40.0,21.17,79.65,0.76
887,Vila franca do campo,18.0,93.0,75.0,37.72,-25.43,6.7
888,Titlagarh,26.86,55.0,8.0,20.3,83.15,1.54
889,Berlevag,-2.31,93.0,88.0,70.86,29.09,4.48
890,Halifax,2.7,58.0,65.0,44.65,-63.57,0.45
891,Darnah,16.95,82.0,0.0,32.77,22.64,7.32
892,Iquique,19.0,68.0,18.0,-20.22,-70.14,5.1
893,Nabire,25.93,86.0,90.0,-3.37,135.48,1.52
894,Vaini,24.0,78.0,75.0,-21.2,-175.2,7.7
895,Lazaro cardenas,27.39,59.0,0.0,17.96,-102.2,2.93
896,Kapaa,25.85,65.0,40.0,22.08,-159.32,8.2
897,Ushuaia,6.0,81.0,75.0,-54.8,-68.3,11.8
898,Rikitea,26.26,83.0,3.0,-23.12,-134.97,7.8
899,Rikitea,26.26,83.0,3.0,-23.12,-134.97,7.8
900,Chumikan,-0.03,98.0,100.0,54.72,135.31,6.29
901,Hithadhoo,29.4,74.0,23.0,-0.6,73.08,3.99
902,Severo-kurilsk,3.8,83.0,41.0,50.68,156.12,4.45
903,Rikitea,26.26,83.0,3.0,-23.12,-134.97,7.8
904,Sur,31.9,42.0,0.0,22.57,59.53,4.97
905,New norfolk,9.24,89.0,62.0,-42.78,147.06,0.99
906,Fortuna,14.65,71.0,1.0,40.6,-124.16,6.7
907,Inirida,25.22,89.0,96.0,3.87,-67.92,0.9
908,Hermanus,15.56,80.0,89.0,-34.42,19.23,0.89
909,Punta arenas,7.89,81.0,40.0,-53.15,-70.92,8.2
910,Tuktoyaktuk,-14.0,77.0,5.0,69.45,-133.04,5.7
911,Codrington,10.02,75.0,100.0,-38.27,141.97,12.38
912,Awjilah,25.91,31.0,52.0,29.11,21.29,2.19
913,Union,13.25,87.0,90.0,40.63,-74.27,7.7
914,Mentok,,,,,,
915,Avera,15.67,67.0,90.0,33.19,-82.53,3.6
916,Kambove,15.61,65.0,17.0,-10.88,26.6,1.87
917,Belushya guba,,,,,,
918,Hermanus,15.56,80.0,89.0,-34.42,19.23,0.89
919,Shache,20.25,20.0,70.0,38.42,77.24,5.84
920,Takoradi,27.03,86.0,26.0,4.88,-1.76,2.33
921,Changde,21.85,82.0,100.0,29.05,111.68,2.73
922,Hihifo,,,,,,
923,Kapaa,25.85,65.0,40.0,22.08,-159.32,8.2
924,Ugoofaaru,29.67,72.0,82.0,5.67,73.0,3.28
925,Sitka,7.0,75.0,90.0,57.05,-135.33,6.7
926,Jamestown,8.37,93.0,90.0,42.1,-79.24,4.6
927,Alyangula,27.0,54.0,90.0,-13.85,136.42,4.1
928,Upernavik,-1.83,87.0,100.0,72.79,-56.15,1.58
929,Hilo,25.09,54.0,90.0,19.73,-155.09,4.1
930,Illoqqortoormiut,,,,,,
931,Agucadoura,15.15,100.0,90.0,41.43,-8.78,7.7
932,New norfolk,9.24,89.0,62.0,-42.78,147.06,0.99
933,Taolanaro,,,,,,
934,Lima,22.0,68.0,9.0,-12.04,-77.03,5.7
935,Busselton,10.79,45.0,0.0,-33.65,115.33,4.85
936,Cape town,12.83,93.0,75.0,-33.93,18.42,0.5
937,Taolanaro,,,,,,
938,Upernavik,-1.83,87.0,100.0,72.79,-56.15,1.58
939,San patricio,26.0,83.0,20.0,19.22,-104.7,5.1
940,Qaqortoq,5.0,48.0,0.0,60.72,-46.03,1.5
941,Bredasdorp,12.0,81.0,80.0,-34.53,20.04,1.5
942,Rikitea,26.26,83.0,3.0,-23.12,-134.97,7.8
943,Mataura,19.44,59.0,36.0,-46.19,168.86,2.24
944,Hermanus,15.56,80.0,89.0,-34.42,19.23,0.89
945,Ushuaia,6.0,81.0,75.0,-54.8,-68.3,11.8
946,Kalmunai,26.87,83.0,66.0,7.42,81.82,1.47
947,Ancud,9.75,93.0,75.0,-41.87,-73.82,1.5
948,Chuy,13.44,85.0,49.0,-33.7,-53.46,3.36
949,Souillac,24.0,64.0,20.0,-20.52,57.52,7.2
950,Acapulco,28.0,74.0,20.0,16.86,-99.89,4.1
951,Ushuaia,6.0,81.0,75.0,-54.8,-68.3,11.8
952,Mataura,19.44,59.0,36.0,-46.19,168.86,2.24
953,Mahebourg,24.0,64.0,20.0,-20.41,57.7,7.2
954,Port hardy,12.0,62.0,75.0,50.7,-127.42,2.1
955,Lebu,12.26,82.0,35.0,-37.62,-73.65,1.74
956,Saint-pierre,21.0,73.0,75.0,-21.34,55.48,1.5
957,East london,18.32,50.0,70.0,-33.02,27.91,2.33
958,Hobart,10.65,76.0,20.0,-42.88,147.33,3.6
959,Waingapu,27.12,74.0,4.0,-9.66,120.26,3.99
960,Hilo,25.09,54.0,90.0,19.73,-155.09,4.1
961,Attawapiskat,,,,,,
962,Ushuaia,6.0,81.0,75.0,-54.8,-68.3,11.8
963,Hobart,10.65,76.0,20.0,-42.88,147.33,3.6
964,Panlaitan,29.11,70.0,1.0,12.12,119.85,2.8
965,Rikitea,26.26,83.0,3.0,-23.12,-134.97,7.8
966,Sarbi,,,,,,
967,Geraldton,15.0,41.0,0.0,-28.77,114.6,8.2
968,Busselton,10.79,45.0,0.0,-33.65,115.33,4.85
969,Ngunguru,19.57,69.0,67.0,-35.62,174.5,0.89
970,La ronge,14.0,35.0,90.0,55.1,-105.28,5.1
971,Leningradskiy,-3.25,90.0,0.0,69.38,178.42,1.55
972,Severo-kurilsk,3.8,83.0,41.0,50.68,156.12,4.45
973,Komsomolskiy,17.0,55.0,59.0,40.43,71.72,2.1
974,Ushuaia,6.0,81.0,75.0,-54.8,-68.3,11.8
975,Bambous virieux,24.21,64.0,20.0,-20.34,57.76,7.2
976,Jiayuguan,19.51,11.0,0.0,39.82,98.3,1.57
977,Illoqqortoormiut,,,,,,
978,Popondetta,31.72,57.0,9.0,-8.75,148.25,1.41
979,Sibu,25.0,88.0,40.0,2.3,111.82,1.5
980,Conceicao do araguaia,27.0,69.0,99.0,-8.26,-49.26,1.0
981,Buraydah,25.0,36.0,0.0,26.33,43.98,3.6
982,Taolanaro,,,,,,
983,Punta arenas,7.89,81.0,40.0,-53.15,-70.92,8.2
984,Punta arenas,7.89,81.0,40.0,-53.15,-70.92,8.2
985,Caravelas,23.49,83.0,15.0,-17.71,-39.25,2.22
986,Puerto ayora,26.46,69.0,20.0,-0.74,-90.35,9.3
987,Waingapu,27.12,74.0,4.0,-9.66,120.26,3.99
988,Saleaula,,,,,,
989,Hearst,4.39,86.0,100.0,49.68,-83.67,2.32
990,Kapaa,25.85,65.0,40.0,22.08,-159.32,8.2
991,Erzin,18.33,82.0,100.0,36.96,36.2,0.89
992,Lavrentiya,-2.56,92.0,2.0,65.58,-171.0,1.13
993,Sentyabrskiy,,,,,,
994,Esperance,9.0,76.0,24.0,-33.87,121.9,2.6
995,Provideniya,-1.25,91.0,81.0,64.38,-173.3,1.07
996,Thompson,11.0,40.0,75.0,55.74,-97.86,5.7
997,Rikitea,26.26,83.0,3.0,-23.12,-134.97,7.8
998,Hilo,25.09,54.0,90.0,19.73,-155.09,4.1
999,Alice springs,12.0,46.0,0.0,-23.7,133.88,5.7
1000,Pringsewu,24.34,84.0,71.0,-5.36,104.97,0.45
1001,Katherine,24.0,27.0,16.0,-14.47,132.27,5.7
1002,Sentyabrskiy,,,,,,
1003,Chom bung,,,,,,
1004,Estelle,24.61,36.0,1.0,29.85,-90.11,3.6
1005,Taolanaro,,,,,,
1006,Sumter,21.43,56.0,0.0,28.71,-82.08,3.58
1007,Albany,12.96,86.0,100.0,42.6,-73.97,0.45
1008,Yongan,24.24,11.0,0.0,39.7,113.69,2.03
1009,Barrow,-17.0,84.0,1.0,71.29,-156.79,3.6
1010,Nizhneyansk,,,,,,
1011,Yellowknife,3.94,64.0,40.0,62.46,-114.35,5.7
1012,Hambantota,26.72,85.0,26.0,6.12,81.12,3.06
1013,Bathsheba,27.0,74.0,40.0,13.22,-59.52,8.2
1014,Upernavik,-1.83,87.0,100.0,72.79,-56.15,1.58
1015,Ranibennur,24.18,69.0,86.0,14.62,75.62,1.9
1016,Saleaula,,,,,,
1017,Ushtobe,11.9,66.0,0.0,45.25,77.98,1.33
1018,Manzil jamil,,,,,,
1019,Bluff,19.44,59.0,32.0,-46.6,168.33,2.24
1020,Ponta do sol,16.55,72.0,40.0,32.67,-17.1,1.5
1021,Henties bay,17.95,65.0,0.0,-22.12,14.28,2.16
1022,Vaini,24.0,78.0,75.0,-21.2,-175.2,7.7
1023,Avarua,26.0,65.0,95.0,-21.21,-159.78,3.6
1024,Nikolskoye,-2.35,79.0,0.0,59.7,30.79,2.0
1025,Sitka,7.0,75.0,90.0,57.05,-135.33,6.7
1026,Sept-iles,2.64,86.0,90.0,50.2,-66.38,5.7
1027,Tasiilaq,1.0,43.0,12.0,65.61,-37.64,6.7
1028,Mahebourg,24.0,64.0,20.0,-20.41,57.7,7.2
1029,Dikson,-5.19,95.0,100.0,73.51,80.55,7.37
1030,Luderitz,20.26,44.0,0.0,-26.65,15.16,4.11
1031,Songkhla,25.5,100.0,75.0,6.83,100.67,0.61
1032,Basoko,23.34,77.0,44.0,1.24,23.62,0.86
1033,Mataura,19.44,59.0,36.0,-46.19,168.86,2.24
1034,Mataura,19.44,59.0,36.0,-46.19,168.86,2.24
1035,Airai,20.32,47.0,3.0,-8.93,125.41,1.07
1036,Hermanus,15.56,80.0,89.0,-34.42,19.23,0.89
1037,Carroll,13.52,100.0,75.0,39.55,-77.02,2.1
1038,Khatanga,-8.66,96.0,100.0,71.97,102.5,7.95
1039,Uige,18.65,67.0,0.0,-7.61,15.06,1.6
1040,Kapaa,25.85,65.0,40.0,22.08,-159.32,8.2
1041,Tuktoyaktuk,-14.0,77.0,5.0,69.45,-133.04,5.7
1042,Lompoc,21.5,38.0,1.0,34.64,-120.46,4.1
1043,Belushya guba,,,,,,
1044,Havoysund,-1.0,63.0,79.0,71.0,24.66,10.3
1045,Sijunjung,22.91,86.0,100.0,-0.69,100.95,0.59
1046,Butaritari,28.65,80.0,52.0,3.07,172.79,7.96
1047,New norfolk,9.24,89.0,62.0,-42.78,147.06,0.99
1048,Kaitangata,14.38,62.0,17.0,-46.28,169.85,1.53
1049,Tuktoyaktuk,-14.0,77.0,5.0,69.45,-133.04,5.7
1050,Devils lake,18.0,48.0,1.0,48.11,-98.87,5.1
1051,Rikitea,26.26,83.0,3.0,-23.12,-134.97,7.8
1052,Atuona,27.73,75.0,1.0,-9.8,-139.03,8.15
1053,Redlands,29.39,29.0,20.0,34.06,-117.18,3.6
1054,Mar del plata,13.84,82.0,77.0,-38.0,-57.56,2.1
1055,Grand river south east,,,,,,
1056,Thompson,11.0,40.0,75.0,55.74,-97.86,5.7
1057,New norfolk,9.24,89.0,62.0,-42.78,147.06,0.99
1058,Lalmohan,27.21,73.0,0.0,22.34,90.74,2.24
1059,Ushuaia,6.0,81.0,75.0,-54.8,-68.3,11.8
1060,Busselton,10.79,45.0,0.0,-33.65,115.33,4.85
1061,Jamestown,8.37,93.0,90.0,42.1,-79.24,4.6
1062,Bereda,14.79,100.0,99.0,43.27,-7.54,7.15
1063,Hobart,10.65,76.0,20.0,-42.88,147.33,3.6
1064,Cape town,12.83,93.0,75.0,-33.93,18.42,0.5
1065,Tuktoyaktuk,-14.0,77.0,5.0,69.45,-133.04,5.7
1066,Beaverlodge,11.0,53.0,75.0,55.22,-119.44,6.2
1067,Port alfred,16.11,72.0,87.0,-33.59,26.89,3.21
1068,Jamestown,8.37,93.0,90.0,42.1,-79.24,4.6
1069,Bluff,19.44,59.0,32.0,-46.6,168.33,2.24
1070,Jamestown,8.37,93.0,90.0,42.1,-79.24,4.6
1071,Hasaki,20.56,60.0,75.0,35.73,140.83,6.2
1072,Meilu,,,,,,
1073,Kulhudhuffushi,29.52,70.0,12.0,6.62,73.07,3.73
1074,Morris,12.91,93.0,90.0,40.83,-74.53,8.7
1075,Albany,12.96,86.0,100.0,42.6,-73.97,0.45
1076,Cape town,12.83,93.0,75.0,-33.93,18.42,0.5
1077,Sobolevo,1.0,85.0,24.0,54.43,31.9,3.2
1078,Kaeo,19.73,66.0,96.0,-35.1,173.78,2.24
1079,Ilheus,23.87,87.0,4.0,-14.79,-39.05,2.86
1080,Puerto ayora,26.46,69.0,20.0,-0.74,-90.35,9.3
1081,Jasper,22.09,40.0,1.0,37.2,-94.35,1.59
1082,Dabat,16.07,12.0,13.0,12.98,37.77,1.91
1083,Excelsior springs,21.1,57.0,1.0,39.34,-94.23,1.0
1084,Busselton,10.79,45.0,0.0,-33.65,115.33,4.85
1085,Busselton,10.79,45.0,0.0,-33.65,115.33,4.85
1086,Busselton,10.79,45.0,0.0,-33.65,115.33,4.85
1087,Rikitea,26.26,83.0,3.0,-23.12,-134.97,7.8
1088,Atuona,27.73,75.0,1.0,-9.8,-139.03,8.15
1089,Yellowknife,3.94,64.0,40.0,62.46,-114.35,5.7
1090,Kavaratti,29.53,68.0,75.0,10.57,72.64,2.82
1091,Bilibino,-2.76,91.0,12.0,68.05,166.44,1.39
1092,Vaitupu,,,,,,
1093,Taolanaro,,,,,,
1094,Sundumbili,16.0,87.0,20.0,-29.13,31.4,1.5
1095,Illoqqortoormiut,,,,,,
1096,Guerrero negro,20.45,61.0,68.0,27.98,-114.06,7.82
1097,Sayat,18.0,68.0,77.0,38.78,63.88,4.1
1098,Tiksi,-11.32,93.0,96.0,71.69,128.87,1.15
1099,Te anau,15.4,64.0,49.0,-45.42,167.72,3.28
1100,Rikitea,26.26,83.0,3.0,-23.12,-134.97,7.8
1101,Port elizabeth,12.0,71.0,100.0,-33.92,25.57,2.1
1102,Necochea,11.11,95.0,87.0,-38.55,-58.74,0.94
1103,Saskylakh,-8.34,95.0,100.0,71.92,114.08,7.21
1104,Atuona,27.73,75.0,1.0,-9.8,-139.03,8.15
1105,Lagunas,24.25,93.0,74.0,-5.23,-75.68,1.18
1106,Sheridan,18.0,55.0,75.0,44.83,-106.92,3.1
1107,Ushuaia,6.0,81.0,75.0,-54.8,-68.3,11.8
1108,Toliary,,,,,,
1109,Albany,12.96,86.0,100.0,42.6,-73.97,0.45
1110,Avarua,26.0,65.0,95.0,-21.21,-159.78,3.6
1111,Rikitea,26.26,83.0,3.0,-23.12,-134.97,7.8
1112,Cockburn town,26.73,80.0,2.0,21.46,-71.14,8.86
1113,Hithadhoo,29.4,74.0,23.0,-0.6,73.08,3.99
1114,Tasiilaq,1.0,43.0,12.0,65.61,-37.64,6.7
1115,Puerto ayora,26.46,69.0,20.0,-0.74,-90.35,9.3
1116,Lagoa,17.96,89.0,100.0,39.05,-27.98,8.41
1117,Rikitea,26.26,83.0,3.0,-23.12,-134.97,7.8
1118,Cape town,12.83,93.0,75.0,-33.93,18.42,0.5
1119,Mataura,19.44,59.0,36.0,-46.19,168.86,2.24
1120,Svetlaya,11.65,54.0,45.0,46.54,138.33,4.27
1121,Palabuhanratu,,,,,,
1122,Kalvarija,5.03,88.0,68.0,54.4,23.23,3.59
1123,Ketchikan,9.39,70.0,75.0,55.34,-131.65,8.2
1124,Albany,12.96,86.0,100.0,42.6,-73.97,0.45
1125,Rikitea,26.26,83.0,3.0,-23.12,-134.97,7.8
1126,Vila velha,23.46,88.0,16.0,-20.33,-40.29,1.0
1127,Kapaa,25.85,65.0,40.0,22.08,-159.32,8.2
1128,Saravan,9.0,81.0,48.0,39.72,45.65,5.1
1129,Hershey,13.28,93.0,90.0,40.29,-76.65,2.1
1130,Taolanaro,,,,,,
1131,Georgetown,25.36,94.0,40.0,5.41,100.34,1.0
1132,Yellowknife,3.94,64.0,40.0,62.46,-114.35,5.7
1133,Castro,16.61,58.0,4.0,-24.79,-50.01,1.73
1134,Rikitea,26.26,83.0,3.0,-23.12,-134.97,7.8
1135,Vaini,24.0,78.0,75.0,-21.2,-175.2,7.7
1136,Hithadhoo,29.4,74.0,23.0,-0.6,73.08,3.99
1137,Ambon,27.95,74.0,82.0,-3.7,128.18,1.97
1138,Albany,12.96,86.0,100.0,42.6,-73.97,0.45
1139,Dwarka,26.63,84.0,0.0,22.24,68.97,4.11
1140,Mataura,19.44,59.0,36.0,-46.19,168.86,2.24
1141,Tabou,27.19,84.0,8.0,4.42,-7.35,2.18
1142,Port elizabeth,12.0,71.0,100.0,-33.92,25.57,2.1
1143,Pevek,-6.1,93.0,0.0,69.7,170.31,4.84
1144,Port alfred,16.11,72.0,87.0,-33.59,26.89,3.21
1145,Qaanaaq,-8.15,92.0,100.0,77.48,-69.36,1.34
1146,Albany,12.96,86.0,100.0,42.6,-73.97,0.45
1147,Sheridan,18.0,55.0,75.0,44.83,-106.92,3.1
1148,Codrington,10.02,75.0,100.0,-38.27,141.97,12.38
1149,Saskylakh,-8.34,95.0,100.0,71.92,114.08,7.21
1150,Riyadh,26.0,27.0,0.0,24.69,46.72,4.1
1151,Egvekinot,-5.28,92.0,11.0,66.32,-179.17,0.72
1152,Mataura,19.44,59.0,36.0,-46.19,168.86,2.24
1153,Avarua,26.0,65.0,95.0,-21.21,-159.78,3.6
1154,Hermanus,15.56,80.0,89.0,-34.42,19.23,0.89
1155,Barrow,-17.0,84.0,1.0,71.29,-156.79,3.6
1156,Faanui,27.98,70.0,37.0,-16.48,-151.75,1.03
1157,Ostersund,0.0,90.0,40.0,63.18,14.64,7.2
1158,Carnarvon,19.0,30.0,40.0,-24.87,113.63,3.6
1159,Mataura,19.44,59.0,36.0,-46.19,168.86,2.24
1160,Mataura,19.44,59.0,36.0,-46.19,168.86,2.24
1161,Airai,20.32,47.0,3.0,-8.93,125.41,1.07
1162,Lapeer,9.36,93.0,90.0,43.05,-83.32,2.6
1163,Punta arenas,7.89,81.0,40.0,-53.15,-70.92,8.2
1164,Kamenskoye,,,,,,
1165,Kodiak,8.0,65.0,1.0,57.79,-152.41,4.1
1166,Lagoa santa,19.56,52.0,52.0,-19.63,-43.89,1.5
1167,Illoqqortoormiut,,,,,,
1168,Vila franca do campo,18.0,93.0,75.0,37.72,-25.43,6.7
1169,Kieta,30.68,62.0,81.0,-6.22,155.63,1.83
1170,Severo-kurilsk,3.8,83.0,41.0,50.68,156.12,4.45
1171,Puerto ayora,26.46,69.0,20.0,-0.74,-90.35,9.3
1172,New norfolk,9.24,89.0,62.0,-42.78,147.06,0.99
1173,Mackenzie,9.0,66.0,75.0,55.3,-123.17,1.5
1174,Tasiilaq,1.0,43.0,12.0,65.61,-37.64,6.7
1175,Rikitea,26.26,83.0,3.0,-23.12,-134.97,7.8
1176,Kaitangata,14.38,62.0,17.0,-46.28,169.85,1.53
1177,Kapaa,25.85,65.0,40.0,22.08,-159.32,8.2
1178,Rikitea,26.26,83.0,3.0,-23.12,-134.97,7.8
1179,Atuona,27.73,75.0,1.0,-9.8,-139.03,8.15
1180,Mbini,26.0,100.0,40.0,1.57,9.61,1.5
1181,Longyearbyen,-3.0,92.0,90.0,78.22,15.64,1.0
1182,Punta alta,17.08,55.0,55.0,-38.88,-62.07,0.67
1183,Moerai,24.34,67.0,91.0,-22.43,-151.33,5.98
1184,Iesolo,13.43,100.0,75.0,45.53,12.64,4.1
1185,Ushuaia,6.0,81.0,75.0,-54.8,-68.3,11.8
1186,Nanortalik,2.53,80.0,5.0,60.14,-45.24,6.01
1187,Tiksi,-11.32,93.0,96.0,71.69,128.87,1.15
1188,Nikolskoye,-2.35,79.0,0.0,59.7,30.79,2.0
1189,Qaanaaq,-8.15,92.0,100.0,77.48,-69.36,1.34
1190,Marcona,,,,,,
1191,Maragogi,25.62,86.0,100.0,-9.01,-35.22,2.57
1192,Shingu,19.0,72.0,40.0,33.73,135.98,1.5
1193,Rungata,,,,,,
1194,Ushuaia,6.0,81.0,75.0,-54.8,-68.3,11.8
1195,Kathu,25.0,94.0,40.0,7.92,98.33,1.0
1196,Mitu,23.17,93.0,94.0,1.2,-70.17,0.36
1197,Mbekenyera,21.53,87.0,77.0,-10.0,38.98,1.1
1198,Calabozo,32.27,36.0,32.0,8.92,-67.43,1.82
1199,Grootfontein,15.7,28.0,2.0,-19.57,18.12,2.1
1200,Whitianga,20.0,61.0,1.0,-36.83,175.7,0.89
1201,Ilulissat,0.0,88.0,14.0,69.22,-51.1,0.5
1202,Severo-kurilsk,3.8,83.0,41.0,50.68,156.12,4.45
1203,Kahului,25.17,54.0,20.0,20.89,-156.47,13.4
1204,San patricio,26.0,83.0,20.0,19.22,-104.7,5.1
1205,Khromtau,7.99,50.0,30.0,50.25,58.43,4.52
1206,Sorland,3.76,74.0,92.0,67.67,12.69,3.65
1207,Barbate,14.48,87.0,1.0,36.19,-5.92,1.0
1208,Saskylakh,-8.34,95.0,100.0,71.92,114.08,7.21
1209,Jamestown,8.37,93.0,90.0,42.1,-79.24,4.6
1210,Hobart,10.65,76.0,20.0,-42.88,147.33,3.6
1211,Rikitea,26.26,83.0,3.0,-23.12,-134.97,7.8
1212,Jamestown,8.37,93.0,90.0,42.1,-79.24,4.6
1213,Sayat,18.0,68.0,77.0,38.78,63.88,4.1
1214,Jamestown,8.37,93.0,90.0,42.1,-79.24,4.6
1215,Yellowknife,3.94,64.0,40.0,62.46,-114.35,5.7
1216,Dingle,28.67,70.0,99.0,11.0,122.67,3.63
1217,Hermanus,15.56,80.0,89.0,-34.42,19.23,0.89
1218,Syracuse,13.84,71.0,46.0,37.09,15.28,3.6
1219,Zhigansk,-7.88,94.0,92.0,66.77,123.37,8.27
1220,Grand gaube,24.44,65.0,16.0,-20.01,57.66,3.13
1221,Barrow,-17.0,84.0,1.0,71.29,-156.79,3.6
1222,Rikitea,26.26,83.0,3.0,-23.12,-134.97,7.8
1223,Loikaw,20.05,70.0,9.0,19.67,97.21,0.85
1224,Saldanha,14.0,93.0,98.0,-33.01,17.94,2.1
1225,Hermanus,15.56,80.0,89.0,-34.42,19.23,0.89
1226,Vaini,24.0,78.0,75.0,-21.2,-175.2,7.7
1227,Tuktoyaktuk,-14.0,77.0,5.0,69.45,-133.04,5.7
1228,Bubaque,26.02,80.0,27.0,11.28,-15.83,8.4
1229,Bluff,19.44,59.0,32.0,-46.6,168.33,2.24
1230,Mount gambier,10.0,87.0,75.0,-37.83,140.77,7.7
1231,Jamestown,8.37,93.0,90.0,42.1,-79.24,4.6
1232,Inhambane,20.91,87.0,5.0,-23.86,35.38,2.97
1233,Eureka,14.94,67.0,1.0,40.8,-124.16,7.7
1234,Olafsvik,2.84,80.0,64.0,64.89,-23.71,9.12
1235,Conceicao do araguaia,27.0,69.0,99.0,-8.26,-49.26,1.0
1236,Punta arenas,7.89,81.0,40.0,-53.15,-70.92,8.2
1237,Vardo,0.0,91.0,100.0,70.37,31.11,3.6
1238,Kiruna,-2.0,100.0,99.0,67.86,20.23,3.6
1239,Kapoeta,22.33,64.0,94.0,4.77,33.59,4.72
1240,Nizhneyansk,,,,,,
1241,Taolanaro,,,,,,
1242,Ushuaia,6.0,81.0,75.0,-54.8,-68.3,11.8
1243,Sentyabrskiy,,,,,,
1244,Atar,28.08,17.0,0.0,20.52,-13.05,6.3
1245,Maceio,24.0,100.0,75.0,-9.67,-35.74,1.0
1246,Ushuaia,6.0,81.0,75.0,-54.8,-68.3,11.8
1247,Dzhebariki-khaya,1.26,82.0,84.0,62.22,135.8,1.62
1248,Tabiauea,,,,,,
1249,Os,,,,,,
1250,Rorvik,5.41,66.0,13.0,64.86,11.24,11.16
1251,Mataura,19.44,59.0,36.0,-46.19,168.86,2.24
1252,Vaini,24.0,78.0,75.0,-21.2,-175.2,7.7
1253,Busselton,10.79,45.0,0.0,-33.65,115.33,4.85
1254,Hilo,25.09,54.0,90.0,19.73,-155.09,4.1
1255,Fort nelson,14.0,46.0,75.0,58.81,-122.7,4.1
1256,Behshahr,12.58,83.0,58.0,36.69,53.55,0.49
1257,Provideniya,-1.25,91.0,81.0,64.38,-173.3,1.07
1258,Butaritari,28.65,80.0,52.0,3.07,172.79,7.96
1259,Mataura,19.44,59.0,36.0,-46.19,168.86,2.24
1260,Belushya guba,,,,,,
1261,Lulea,-3.0,92.0,0.0,65.58,22.15,1.0
1262,Chokurdakh,-8.62,96.0,72.0,70.63,147.92,2.64
1263,Barentsburg,,,,,,
1264,New glasgow,6.06,79.0,26.0,45.58,-62.65,2.24
1265,Port alfred,16.11,72.0,87.0,-33.59,26.89,3.21
1266,Thompson,11.0,40.0,75.0,55.74,-97.86,5.7
1267,Slonim,2.13,89.0,36.0,53.09,25.32,2.16
1268,Richards bay,19.51,81.0,59.0,-28.78,32.04,2.8
1269,Hithadhoo,29.4,74.0,23.0,-0.6,73.08,3.99
1270,Tautira,31.0,66.0,70.0,-17.73,-149.15,4.6
1271,Port alfred,16.11,72.0,87.0,-33.59,26.89,3.21
1272,Barentsburg,,,,,,
1273,Provideniya,-1.25,91.0,81.0,64.38,-173.3,1.07
1274,Caravelas,23.49,83.0,15.0,-17.71,-39.25,2.22
1275,Atuona,27.73,75.0,1.0,-9.8,-139.03,8.15
1276,Sangar,-0.69,92.0,80.0,63.92,127.47,1.59
1277,Thompson,11.0,40.0,75.0,55.74,-97.86,5.7
1278,Cascais,16.85,87.0,30.0,38.7,-9.42,3.53
1279,Albany,12.96,86.0,100.0,42.6,-73.97,0.45
1280,Hobart,10.65,76.0,20.0,-42.88,147.33,3.6
1281,Shirdi,24.27,64.0,53.0,19.77,74.48,4.12
1282,Ende,27.55,63.0,6.0,-8.84,121.66,1.12
1283,Muros,14.85,91.0,100.0,42.78,-9.06,12.07
1284,Ilulissat,0.0,88.0,14.0,69.22,-51.1,0.5
1285,Gotsu,20.0,64.0,40.0,35.0,132.22,3.6
1286,Yellowknife,3.94,64.0,40.0,62.46,-114.35,5.7
1287,Mataura,19.44,59.0,36.0,-46.19,168.86,2.24
1288,Rab,,,,,,
1289,Taolanaro,,,,,,
1290,Smithers,11.0,50.0,75.0,54.78,-127.17,6.7
1291,Ponta do sol,16.55,72.0,40.0,32.67,-17.1,1.5
1292,Zyryanovskiy,,,,,,
1293,Sobolevo,1.0,85.0,24.0,54.43,31.9,3.2
1294,Hithadhoo,29.4,74.0,23.0,-0.6,73.08,3.99
1295,Cape town,12.83,93.0,75.0,-33.93,18.42,0.5
1296,Fortuna,14.65,71.0,1.0,40.6,-124.16,6.7
1297,Felidhoo,,,,,,
1298,Jamestown,8.37,93.0,90.0,42.1,-79.24,4.6
1299,Ushuaia,6.0,81.0,75.0,-54.8,-68.3,11.8
1300,Bredasdorp,12.0,81.0,80.0,-34.53,20.04,1.5
1301,Norman wells,-3.0,63.0,90.0,65.28,-126.83,2.6
1302,Kapaa,25.85,65.0,40.0,22.08,-159.32,8.2
1303,Vaini,24.0,78.0,75.0,-21.2,-175.2,7.7
1304,Tasiilaq,1.0,43.0,12.0,65.61,-37.64,6.7
1305,Faanui,27.98,70.0,37.0,-16.48,-151.75,1.03
1306,Atuona,27.73,75.0,1.0,-9.8,-139.03,8.15
1307,Ushuaia,6.0,81.0,75.0,-54.8,-68.3,11.8
1308,Mbekenyera,21.53,87.0,77.0,-10.0,38.98,1.1
1309,Rikitea,26.26,83.0,3.0,-23.12,-134.97,7.8
1310,The valley,26.59,69.0,20.0,18.22,-63.06,4.6
1311,Broome,13.59,93.0,90.0,42.25,-75.83,8.7
1312,Hithadhoo,29.4,74.0,23.0,-0.6,73.08,3.99
1313,Wanning,25.32,85.0,76.0,18.8,110.4,1.45
1314,Cape town,12.83,93.0,75.0,-33.93,18.42,0.5
1315,Ilulissat,0.0,88.0,14.0,69.22,-51.1,0.5
1316,Dikson,-5.19,95.0,100.0,73.51,80.55,7.37
1317,Jamestown,8.37,93.0,90.0,42.1,-79.24,4.6
1318,Albany,12.96,86.0,100.0,42.6,-73.97,0.45
1319,Palabuhanratu,,,,,,
1320,Mataura,19.44,59.0,36.0,-46.19,168.86,2.24
1321,Port-cartier,2.65,86.0,90.0,50.03,-66.87,5.7
1322,Ushuaia,6.0,81.0,75.0,-54.8,-68.3,11.8
1323,Taolanaro,,,,,,
1324,Bethel,11.39,87.0,90.0,41.37,-73.41,3.6
1325,Abbeville,8.6,83.0,42.0,50.1,1.83,6.91
1326,Castro,16.61,58.0,4.0,-24.79,-50.01,1.73
1327,Barrow,-17.0,84.0,1.0,71.29,-156.79,3.6
1328,Punta arenas,7.89,81.0,40.0,-53.15,-70.92,8.2
1329,Tuy hoa,25.65,83.0,28.0,13.08,109.3,1.83
1330,Mar del plata,13.84,82.0,77.0,-38.0,-57.56,2.1
1331,Dikson,-5.19,95.0,100.0,73.51,80.55,7.37
1332,Mataura,19.44,59.0,36.0,-46.19,168.86,2.24
1333,Naze,21.0,64.0,75.0,28.37,129.48,3.1
1334,Punta arenas,7.89,81.0,40.0,-53.15,-70.92,8.2
1335,Bengkulu,25.44,83.0,81.0,-3.8,102.27,1.86
1336,Lompoc,21.5,38.0,1.0,34.64,-120.46,4.1
1337,Kavieng,29.26,71.0,28.0,-2.57,150.8,3.52
1338,Amuntai,25.49,93.0,60.0,-2.42,115.25,0.85
1339,Victoria,23.42,78.0,33.0,22.29,114.16,1.34
1340,Castro,16.61,58.0,4.0,-24.79,-50.01,1.73
1341,Cidreira,17.01,66.0,0.0,-30.18,-50.21,3.7
1342,Rikitea,26.26,83.0,3.0,-23.12,-134.97,7.8
1343,New norfolk,9.24,89.0,62.0,-42.78,147.06,0.99
1344,Linjiang,17.24,56.0,41.0,41.81,126.91,1.99
1345,Butaritari,28.65,80.0,52.0,3.07,172.79,7.96
1346,Ribeira grande,18.49,88.0,94.0,38.52,-28.7,11.06
1347,Taolanaro,,,,,,
1348,Atuona,27.73,75.0,1.0,-9.8,-139.03,8.15
1349,Comodoro rivadavia,10.0,81.0,0.0,-45.87,-67.5,1.15
1350,Antofagasta,16.0,72.0,52.0,-23.65,-70.4,4.6
1351,Saskylakh,-8.34,95.0,100.0,71.92,114.08,7.21
1352,Mana,26.09,89.0,98.0,5.66,-53.78,4.89
1353,Lebu,12.26,82.0,35.0,-37.62,-73.65,1.74
1354,Kapaa,25.85,65.0,40.0,22.08,-159.32,8.2
1355,Punta arenas,7.89,81.0,40.0,-53.15,-70.92,8.2
1356,Castro,16.61,58.0,4.0,-24.79,-50.01,1.73
1357,Busselton,10.79,45.0,0.0,-33.65,115.33,4.85
1358,Cape town,12.83,93.0,75.0,-33.93,18.42,0.5
1359,Ushuaia,6.0,81.0,75.0,-54.8,-68.3,11.8
1360,Cape town,12.83,93.0,75.0,-33.93,18.42,0.5
1361,Olafsvik,2.84,80.0,64.0,64.89,-23.71,9.12
1362,Hamilton,8.49,76.0,90.0,39.18,-84.53,5.1
1363,Puerto ayora,26.46,69.0,20.0,-0.74,-90.35,9.3
1364,Ostrovnoy,-1.56,96.0,100.0,68.05,39.51,4.57
1365,Jamestown,8.37,93.0,90.0,42.1,-79.24,4.6
1366,Marcona,,,,,,
1367,Batemans bay,12.78,55.0,24.0,-35.72,150.18,0.45
1368,Bluff,19.44,59.0,32.0,-46.6,168.33,2.24
1369,General roca,15.0,47.0,0.0,-39.03,-67.58,1.0
1370,Porto novo,26.0,88.0,20.0,6.5,2.6,1.0
1371,Hasaki,20.56,60.0,75.0,35.73,140.83,6.2
1372,Cayenne,25.0,100.0,100.0,4.93,-52.33,4.6
1373,Atar,28.08,17.0,0.0,20.52,-13.05,6.3
1374,Hilo,25.09,54.0,90.0,19.73,-155.09,4.1
1375,Taybad,19.03,46.0,100.0,34.74,60.78,2.54
1376,Port elizabeth,12.0,71.0,100.0,-33.92,25.57,2.1
1377,Svetlyy,11.0,62.0,96.0,54.67,20.13,6.0
1378,Lerik,14.0,100.0,40.0,38.77,48.41,4.1
1379,Asau,10.56,87.0,48.0,46.43,26.4,0.76
1380,Rikitea,26.26,83.0,3.0,-23.12,-134.97,7.8
1381,Komsomolskiy,16.0,59.0,59.0,40.43,71.72,1.0
1382,Punta arenas,7.89,81.0,40.0,-53.15,-70.92,8.2
1383,Oistins,27.0,74.0,40.0,13.07,-59.53,8.2
1384,Bobo dioulasso,30.0,70.0,2.0,11.18,-4.3,5.1
1385,Saskylakh,-8.34,95.0,100.0,71.92,114.08,7.21
1386,Tasiilaq,1.0,43.0,12.0,65.61,-37.64,6.7
1387,Mataura,19.44,59.0,36.0,-46.19,168.86,2.24
1388,Ushuaia,6.0,81.0,75.0,-54.8,-68.3,11.8
1389,Ribeira grande,18.49,88.0,94.0,38.52,-28.7,11.06
1390,Rikitea,26.26,83.0,3.0,-23.12,-134.97,7.8
1391,Saskylakh,-8.34,95.0,100.0,71.92,114.08,7.21
1392,Busselton,10.79,45.0,0.0,-33.65,115.33,4.85
1393,Aykhal,-11.0,78.0,90.0,66.0,111.5,5.0
1394,Busselton,10.79,45.0,0.0,-33.65,115.33,4.85
1395,Punta arenas,7.89,81.0,40.0,-53.15,-70.92,8.2
1396,Soyo,25.47,89.0,74.0,-6.13,12.37,1.46
1397,Albany,12.96,86.0,100.0,42.6,-73.97,0.45
1398,Puerto ayora,26.46,69.0,20.0,-0.74,-90.35,9.3
1399,Saint-philippe,21.42,73.0,75.0,-21.36,55.77,1.5
1400,Puerto ayora,26.46,69.0,20.0,-0.74,-90.35,9.3
1401,Lemgo,8.5,87.0,74.0,52.03,8.9,3.6
1402,San quintin,18.78,75.0,92.0,30.48,-115.95,4.65
1403,Moron,16.33,100.0,57.0,-34.65,-58.62,1.53
1404,Belyy yar,12.0,81.0,40.0,53.6,91.39,5.0
1405,La ronge,14.0,35.0,90.0,55.1,-105.28,5.1
1406,Bredasdorp,12.0,81.0,80.0,-34.53,20.04,1.5
1407,Malanje,17.18,53.0,0.0,-9.54,16.34,1.54
1408,Vuktyl,-2.44,94.0,86.0,63.86,57.31,2.07
1409,Kruisfontein,15.44,36.0,95.0,-34.0,24.73,2.25
1410,Mataura,19.44,59.0,36.0,-46.19,168.86,2.24
1411,Tasiilaq,1.0,43.0,12.0,65.61,-37.64,6.7
1412,Lebu,12.26,82.0,35.0,-37.62,-73.65,1.74
1413,Jalingo,24.19,72.0,100.0,8.88,11.37,2.54
1414,Oistins,27.0,74.0,40.0,13.07,-59.53,8.2
1415,Hobart,10.65,76.0,20.0,-42.88,147.33,3.6
1416,Punta arenas,7.89,81.0,40.0,-53.15,-70.92,8.2
1417,Hobart,10.65,76.0,20.0,-42.88,147.33,3.6
1418,Aklavik,-4.0,38.0,5.0,68.22,-135.01,3.1
1419,Rikitea,26.26,83.0,3.0,-23.12,-134.97,7.8
1420,Provideniya,-1.25,91.0,81.0,64.38,-173.3,1.07
1421,Tabiauea,,,,,,
1422,Port hedland,19.0,25.0,0.0,-20.32,118.57,3.6
1423,Dwarka,26.63,84.0,0.0,22.24,68.97,4.11
1424,Hobart,10.65,76.0,20.0,-42.88,147.33,3.6
1425,Sentyabrskiy,,,,,,
1426,Bandarbeyla,28.49,76.0,100.0,9.49,50.81,6.06
1427,Ushuaia,6.0,81.0,75.0,-54.8,-68.3,11.8
1428,Mataura,19.44,59.0,36.0,-46.19,168.86,2.24
1429,Solovetskiy,,,,,,
1430,Nanortalik,2.53,80.0,5.0,60.14,-45.24,6.01
1431,Marakkanam,28.33,83.0,85.0,12.2,79.95,3.06
1432,Kununurra,27.0,26.0,7.0,-15.77,128.73,6.7
1433,Fortuna,14.65,71.0,1.0,40.6,-124.16,6.7
1434,Makakilo city,28.4,45.0,1.0,21.35,-158.09,7.2
1435,Tuktoyaktuk,-14.0,77.0,5.0,69.45,-133.04,5.7
1436,Bredasdorp,12.0,81.0,80.0,-34.53,20.04,1.5
1437,Upernavik,-1.83,87.0,100.0,72.79,-56.15,1.58
1438,Butaritari,28.65,80.0,52.0,3.07,172.79,7.96
1439,Punta arenas,7.89,81.0,40.0,-53.15,-70.92,8.2
1440,Tuktoyaktuk,-14.0,77.0,5.0,69.45,-133.04,5.7
1441,Ponta do sol,16.55,72.0,40.0,32.67,-17.1,1.5
1442,Bluff,19.44,59.0,32.0,-46.6,168.33,2.24
1443,Beder,4.73,100.0,90.0,56.06,10.21,1.0
1444,Hambantota,26.72,85.0,26.0,6.12,81.12,3.06
1445,Clyde,9.76,80.0,82.0,41.3,-82.98,0.89
1446,Lorengau,28.91,78.0,53.0,-2.02,147.27,1.78
1447,Kisangani,23.34,71.0,33.0,0.52,25.2,0.84
1448,Lamu,26.49,85.0,100.0,-2.27,40.9,4.24
1449,Wajima,18.0,55.0,75.0,37.4,136.9,6.2
1450,Punta arenas,7.89,81.0,40.0,-53.15,-70.92,8.2
1451,Srednekolymsk,0.34,97.0,66.0,67.45,153.68,3.03
1452,Warqla,,,,,,
1453,Kapaa,25.85,65.0,40.0,22.08,-159.32,8.2
1454,Busselton,10.79,45.0,0.0,-33.65,115.33,4.85
1455,Kapaa,25.85,65.0,40.0,22.08,-159.32,8.2
1456,Oltina,13.85,88.0,86.0,44.17,27.67,2.69
1457,Arraial do cabo,20.0,94.0,100.0,-22.97,-42.03,1.0
1458,Yamada,17.69,49.0,99.0,39.47,141.95,4.44
1459,Aasiaat,-2.22,89.0,52.0,68.71,-52.87,2.66
1460,Bogande,31.27,34.0,97.0,12.97,-0.14,3.42
1461,Atuona,27.73,75.0,1.0,-9.8,-139.03,8.15
1462,Souillac,24.0,64.0,20.0,-20.52,57.52,7.2
1463,Ust-omchug,-4.02,87.0,100.0,61.15,149.63,1.36
1464,Pascagoula,24.51,31.0,1.0,30.37,-88.56,2.6
1465,Tuktoyaktuk,-14.0,77.0,5.0,69.45,-133.04,5.7
1466,Olavarria,12.53,64.0,40.0,-36.89,-60.32,0.85
1467,Akureyri,3.0,88.0,90.0,65.68,-18.09,9.3
1468,Bluefields,26.11,80.0,77.0,12.01,-83.76,2.78
1469,Ponta do sol,16.55,72.0,40.0,32.67,-17.1,1.5
1470,Sentyabrskiy,,,,,,
1471,Ushuaia,6.0,81.0,75.0,-54.8,-68.3,11.8
1472,Inongo,23.68,78.0,40.0,-1.95,18.27,1.4
1473,Baijiantan,18.58,44.0,51.0,45.63,85.18,10.73
1474,Punta arenas,7.89,81.0,40.0,-53.15,-70.92,8.2
1475,Cape town,12.83,93.0,75.0,-33.93,18.42,0.5
1476,Ushuaia,6.0,81.0,75.0,-54.8,-68.3,11.8
1477,Kaduqli,27.3,16.0,2.0,11.02,29.72,0.53
1478,Hobart,10.65,76.0,20.0,-42.88,147.33,3.6
1479,Tuatapere,19.44,59.0,22.0,-46.13,167.68,2.24
1480,Pevek,-6.1,93.0,0.0,69.7,170.31,4.84
1481,Yellowknife,3.94,64.0,40.0,62.46,-114.35,5.7
1482,Serra talhada,22.41,79.0,100.0,-7.99,-38.3,2.7
1483,Hualmay,20.79,79.0,22.0,-11.1,-77.61,3.16
1484,Chapais,5.0,93.0,90.0,49.78,-74.85,6.7
1485,Tiksi,-11.32,93.0,96.0,71.69,128.87,1.15
1486,Bako,16.62,63.0,100.0,5.78,36.57,0.45
1487,Sola,27.68,80.0,30.0,-13.88,167.55,5.15
1488,Punta arenas,7.89,81.0,40.0,-53.15,-70.92,8.2
1489,Yellowknife,3.94,64.0,40.0,62.46,-114.35,5.7
1490,Esperance,9.0,76.0,24.0,-33.87,121.9,2.6
1491,Upernavik,-1.83,87.0,100.0,72.79,-56.15,1.58
1492,Hwange,18.59,23.0,3.0,-18.37,26.5,2.23
1493,Severo-kurilsk,3.8,83.0,41.0,50.68,156.12,4.45
1494,New norfolk,9.24,89.0,62.0,-42.78,147.06,0.99
1495,Kavieng,29.26,71.0,28.0,-2.57,150.8,3.52
1496,Quatre cocos,24.23,64.0,20.0,-20.21,57.76,7.2
1497,Avarua,26.0,65.0,95.0,-21.21,-159.78,3.6
1498,Butaritari,28.65,80.0,52.0,3.07,172.79,7.96
1499,Coihaique,6.0,87.0,73.0,-45.58,-72.07,1.0
